entrada,fuente,motor_direccion,motor_estado,motor_confianza,motor_advertencias,direccion_esperada,revisado,notas
"107c # carrera 32a 35, Apartamento",raw.csv,CR 32A # 35,PARCIAL,0.98,dirección sin placa | texto antes de la dirección | descartado: '107c #' | descartado: 'apartamento',,si,
CR 57B#76B SUR  06,datos.gov.co/ysx6-4ez9 (Establecimientos de comercio 2020),CR 57B # 76B SUR - 06,OK,0.97,placa sin guion,CR 57B # 76B SUR - 06,si,
"calle 84 A#34-24, manrrique oriental barrio jardin la uva primer piso o segundo piso",raw.csv,CL 84A # 34 - 24,OK,1.0,descartado: 'manrrique oriental barrio jardin la uva primer piso o segundo piso',CL 84A # 34 - 24,si,
calle 79 # 39 - 09 segundo piso,raw.csv,CL 79 # 39 - 09,OK,1.0,descartado: 'segundo piso',CL 79 # 39 - 09,si,
cll 83#49a12 casa primer piso carpa roja,raw.csv,CL 83 # 49A - 12,OK,0.97,placa sin guion | descartado: 'casa primer piso carpa roja',CL 83 # 49A - 12,si,
via matazanos los llanos km 28+800,datos.gov.co/p9gh-kikx (Accidentalidad Barbosa),,FALLO,0.0,,,si,
CALLE 53 CRA 48,datos.gov.co/yf5q-5qsr (Accidentes Copacabana),CL 53 X CR 48,PARCIAL,1.0,cruce de vías sin placa,,si,
CALLE 41 CR 86,datos.gov.co/yf5q-5qsr (Accidentes Copacabana),CL 41 X CR 86,PARCIAL,1.0,cruce de vías sin placa,,si,
CR 54A#79 SUR 05,datos.gov.co/ysx6-4ez9 (Establecimientos de comercio 2020),CR 54A # 79 SUR - 05,OK,0.97,placa sin guion,CR 54A # 79 SUR - 05,si,
"Calle 71aa # 39 - 24 Primer piso, Manrrique, Antioquia~~~Medellin~~~~~~Calle 71aa # 39 - 24 Primer piso, Manrrique",raw.csv,CL 71AA # 39 - 24,OK,1.0,"descartado: 'primer piso, manrrique'",CL 71AA # 39 - 24,si,
km 6 + 40 hatillo-girardota ( marruecos),datos.gov.co/p9gh-kikx (Accidentalidad Barbosa),,FALLO,0.0,descartado: '( marruecos)',,si,
Carrera 31 #7627-2 2,raw.csv,CR 31 # 7627 - 02,PARCIAL,0.78,confianza 0.78 menor al umbral 0.85 | placa de un dígito completada con cero | cruce de numero 7627 fuera de rango habitual | descartado: '2',CR 31 # 76 - 27,si,
"Calle 119 #51a-39 2do piso iglesia cristiana peniel, abrir reja",raw.csv,CL 119 # 51A - 39,OK,1.0,"descartado: '2do piso iglesia cristiana peniel, abrir reja'",CL 119 # 51A - 39,si,
Cra 48 # 124-38 Popular,raw.csv,CR 48 # 124 - 38,OK,1.0,descartado: 'popular',CR 48 # 124 - 38,si,
carrera 44 a #85-100,raw.csv,CR 44A # 85 - 100,OK,1.0,,CR 44A # 85 - 100,si,
CL 76A SUR #56C 31,datos.gov.co/ysx6-4ez9 (Establecimientos de comercio 2020),CL 76A SUR # 56C - 31,OK,0.97,placa sin guion,CL 76A SUR # 56C - 31,si,
calle 70#47-45 3000000000,raw.csv,CL 70 # 47 - 45,OK,1.0,descartado: '3000000000',CL 70 # 47 - 45,si,
AUTOPISTA MEDELLIN BOGITA KM 6+225,datos.gov.co/yf5q-5qsr (Accidentes Copacabana),,FALLO,0.0,,,si,
VEREDA ALVARDO,datos.gov.co/yf5q-5qsr (Accidentes Copacabana),,FALLO,0.0,,,si,
CR 56D#80 SUR 36,datos.gov.co/ysx6-4ez9 (Establecimientos de comercio 2020),CR 56D # 80 SUR - 36,OK,0.97,placa sin guion,CR 56D # 80 SUR - 36,si,
CR 47F#80 SUR 17,datos.gov.co/ysx6-4ez9 (Establecimientos de comercio 2020),CR 47F # 80 SUR - 17,OK,0.97,placa sin guion,CR 47F # 80 SUR - 17,si,
"Calle Calle 70 #31-6 Casa, 2 piso",raw.csv,CL 70 # 31 - 06,OK,0.98,"placa de un dígito completada con cero | descartado: 'casa, 2 piso'",CL 70 # 31 - 06,si,
"Cra 64c #97a - 150, Apto 219",raw.csv,CR 64C # 97A - 150,OK,1.0,descartado: 'apto 219',CR 64C # 97A - 150,si,
km 10 aproximadamente  popalito,datos.gov.co/p9gh-kikx (Accidentalidad Barbosa),,FALLO,0.0,,,si,
CL 97B SUR #50 40 BODEGA 07 LOS GUAYABOS,datos.gov.co/ysx6-4ez9 (Establecimientos de comercio 2020),CL 97B SUR # 50 - 40,OK,0.97,placa sin guion | descartado: 'bodega 07 los guayabos',CL 97B SUR # 50 - 40,si,
CR 49 NO 134 SUR 73 OF 103,datos.gov.co/8xhn-2dp9 (Empresas de construcción del Aburrá Sur),CR 49 # 134 SUR - 73,OK,0.97,placa sin guion | descartado: 'of 103',CR 49 # 134 SUR - 73,si,
Calle Calle 16B32-75 interior 112 Casa en el barrio santo domingo,raw.csv,CL 16B # 32 - 75,OK,1.0,descartado: 'interior 112 casa en el barrio santo domingo',CL 16B # 32 - 75,si,
CL 50 FRENTE 56-22,datos.gov.co/yf5q-5qsr (Accidentes Copacabana),CL 50,PARCIAL,1.0,dirección sin cruce ni placa | descartado: 'frente 56-22',CL 50 # 56 - 22,si,
Carrera 50 bb # 84-40 Casa primer piso,raw.csv,CR 50BB # 84 - 40,OK,1.0,descartado: 'casa primer piso',CR 50BB # 84 - 40,si,
Calle 83 #48a-25 Casa primer piso,raw.csv,CL 83 # 48A - 25,OK,1.0,descartado: 'casa primer piso',CL 83 # 48A - 25,si,
carrera 51 # 93 - 20 casa,raw.csv,CR 51 # 93 - 20,OK,1.0,descartado: 'casa',CR 51 # 93 - 20,si,
CL 81 SUR #63 52,datos.gov.co/ysx6-4ez9 (Establecimientos de comercio 2020),CL 81 SUR # 63 - 52,OK,0.97,placa sin guion,CL 81 SUR # 63 - 52,si,
Calle Calle103 #37a 31 Callejón del supermercado,raw.csv,CL 103 # 37A - 31,OK,0.97,placa sin guion | descartado: 'callejon del supermercado',CL 103 # 37A - 31,si,
"cra 38a #101-50 2do piso, Antioquia~~~Medellin~~~~~~cra 38a #101-50 2do piso",raw.csv,CR 38A # 101 - 50,OK,1.0,descartado: '2do piso',CR 38A # 101 - 50,si,
AUT MED-BOT KM 15+360,datos.gov.co/yf5q-5qsr (Accidentes Copacabana),AU 15 # 3 - 60,PARCIAL,294,"contiene indicios rurales (km, vereda, finca) | el modelo ignoró texto dentro de la dirección | autopista sin nomenclatura | incertidumbre del modelo CRF | números pegados '360' ambiguos, separados como 3-60 | descartado: 'med' | descartado: 'bot km'",,si,
"Carrera Carrera 31 #107 a 86 Interior 217, al frente del súper mercado Valentina, me pueden esperar yo recojo ahí el pedido",raw.csv,CR 31 # 107A - 86,OK,0.97,"placa sin guion | descartado: 'interior 217, al frente del super mercado valentina, me pueden esperar yo recojo ahi el pedido'",CR 31 # 107A - 86,si,
Carrera Carrera 51 # 86b 16 apto 301 Apt 301,raw.csv,CR 51 # 86B - 16,OK,0.97,placa sin guion | descartado: 'apto 301 apt 301',CR 51 # 86B - 16,si,
CL 79AA SUR #54 04,datos.gov.co/ysx6-4ez9 (Establecimientos de comercio 2020),CL 79AA SUR # 54 - 04,OK,0.97,placa sin guion,CL 79AA SUR # 54 - 04,si,
Carrera 48b#117-30 Casa primer piso,raw.csv,CR 48B # 117 - 30,OK,1.0,descartado: 'casa primer piso',CR 48B # 117 - 30,si,
Via Santo Domingo altos de oriente 777777,raw.csv,,FALLO,0.0,,,si,
Calle 103b #48 A-10 interior  301 comando de policía santa cruz,raw.csv,CL 103B # 48A - 10,OK,1.0,descartado: 'interior 301 comando de policia santa cruz',CL 103B # 48A - 10,si,
CAS carrera 21 cll 11,datos.gov.co/p9gh-kikx (Accidentalidad Barbosa),CR 21 X CL 11,PARCIAL,0.98,cruce de vías sin placa | texto antes de la dirección | descartado: 'cas',,si,
CRA 17 ENTRE CALLE 19 Y 20,datos.gov.co/p9gh-kikx (Accidentalidad Barbosa),CR 17,PARCIAL,1.0,dirección sin cruce ni placa | descartado: 'entre calle 19 y 20',CR 17 X CL 19,si,
Cra 49 #106- 41 Piso 1,raw.csv,CR 49 # 106 - 41,OK,1.0,descartado: 'piso 1',CR 49 # 106 - 41,si,
CL 51 CR 49,datos.gov.co/yf5q-5qsr (Accidentes Copacabana),CL 51 X CR 49,PARCIAL,1.0,cruce de vías sin placa,,si,
Carrera 47#112-46 Apartamento,raw.csv,CR 47 # 112 - 46,OK,1.0,descartado: 'apartamento',CR 47 # 112 - 46,si,
CL 100BB SUR #48B 82,datos.gov.co/ysx6-4ez9 (Establecimientos de comercio 2020),CL 100BB SUR # 48B - 82,OK,0.97,placa sin guion,CL 100BB SUR # 48B - 82,si,
BELLO HATILLO KM 10+900,datos.gov.co/yf5q-5qsr (Accidentes Copacabana),,FALLO,0.0,,,si,
Crr 51A #95-80 Casa,raw.csv,CR 51A # 95 - 80,OK,1.0,descartado: 'casa',CR 51A # 95 - 80,si,
Carrera Carrera 34 #97-32,raw.csv,CR 34 # 97 - 32,OK,1.0,,CR 34 # 97 - 32,si,
"carrera 49 # 82 54 barrio campovaldes, antioquia~~~Medellin~~~~~~carrera 49 # 82 54 barrio campovaldes",raw.csv,CR 49 # 82 - 54,OK,0.97,placa sin guion | descartado: 'barrio campovaldes',CR 49 # 82 - 54,si,
"103c #49-120 barrio santa cruz, Primer piso",raw.csv,,FALLO,0.0,,,si,
Calle 124 50e 24 Primer piso,raw.csv,CL 124 # 50E - 24,OK,0.97,placa sin guion | descartado: 'primer piso',CL 124 # 50E - 24,si,
Cr 23 n 102c 110,raw.csv,CR 23 # 102C - 110,OK,0.97,placa sin guion,CR 23 # 102C - 110,si,
AUTOPISTA NORTE KM 11+500,datos.gov.co/yf5q-5qsr (Accidentes Copacabana),,FALLO,0.0,,,si,
Carrera Carrera 39 A # 101-03 (interior 101) Casa,raw.csv,CR 39A # 101 - 03,OK,1.0,descartado: 'casa' | descartado: '(interior 101)',CR 39A # 101 - 03,si,
CL 100C SUR #48B 61,datos.gov.co/ysx6-4ez9 (Establecimientos de comercio 2020),CL 100C SUR # 48B - 61,OK,0.97,placa sin guion,CL 100C SUR # 48B - 61,si,
Calle 99 #36a-24 Casa,raw.csv,CL 99 # 36A - 24,OK,1.0,descartado: 'casa',CL 99 # 36A - 24,si,
km3+600 isaza,datos.gov.co/p9gh-kikx (Accidentalidad Barbosa),,FALLO,0.0,,,si,
Calle Calle 108A #46-33 Interior 105,raw.csv,CL 108A # 46 - 33,OK,1.0,descartado: 'interior 105',CL 108A # 46 - 33,si,
Av. Carrera 48a calle111 #50-interior 201 interior 201apartamento,raw.csv,CR 48A # 111 - 50,PARCIAL,0.8,confianza 0.8 menor al umbral 0.85 | marcador '#' antes de la placa | descartado: '-interior 201 interior 201apartamento',,si,
CR 56D#76 SUR 46,datos.gov.co/ysx6-4ez9 (Establecimientos de comercio 2020),CR 56D # 76 SUR - 46,OK,0.97,placa sin guion,CR 56D # 76 SUR - 46,si,
"Cra 48 # 89a 15 barrio Aranjuez, Casa con puerta de garaje",raw.csv,CR 48 # 89A - 15,OK,0.97,"placa sin guion | descartado: 'barrio aranjuez, casa con puerta de garaje'",CR 48 # 89A - 15,si,
CL 52 CON CR 49,datos.gov.co/yf5q-5qsr (Accidentes Copacabana),CL 52 X CR 49,PARCIAL,1.0,cruce de vías sin placa,,si,
MEDELLIN BOGOTA KM 12+500,datos.gov.co/yf5q-5qsr (Accidentes Copacabana),,FALLO,0.0,,,si,
Carrera Cra 44 #83-65 Casa primer piso Manrique central,raw.csv,CR 44 # 83 - 65,OK,1.0,descartado: 'casa primer piso manrique central',CR 44 # 83 - 65,si,
cra 53 #81-10 apartamento,raw.csv,CR 53 # 81 - 10,OK,1.0,descartado: 'apartamento',CR 53 # 81 - 10,si,
bello  hatillo km 21+640   las lomitas,datos.gov.co/p9gh-kikx (Accidentalidad Barbosa),,FALLO,0.0,,,si,
CR 57#75AA SUR 49,datos.gov.co/ysx6-4ez9 (Establecimientos de comercio 2020),CR 57 # 75AA SUR - 49,OK,0.97,placa sin guion,CR 57 # 75AA SUR - 49,si,
CR 65C#16A 44,datos.gov.co/ysx6-4ez9 (Establecimientos de comercio 2020),CR 65C # 16A - 44,OK,0.97,placa sin guion,CR 65C # 16A - 44,si,
"Cra 52 #89-15 Edificio torre luna apto 806, Antioquia~~~Medellin~~~~~~Cra 52 #89-15 Edificio torre luna apto 806",raw.csv,CR 52 # 89 - 15,OK,1.0,descartado: 'edificio torre luna apto 806',CR 52 # 89 - 15,si,
Calle Calle 68A # 32-55 Apartamento,raw.csv,CL 68A # 32 - 55,OK,1.0,descartado: 'apartamento',CL 68A # 32 - 55,si,
vereda yarumito- km 10 + 700,datos.gov.co/p9gh-kikx (Accidentalidad Barbosa),,FALLO,0.0,,,si,
Calle 79 S Nro. 52 A 145,datos.gov.co/7v8m-zcmy (Base de datos PH La Estrella),CL 79 SUR # 52A - 145,OK,0.97,placa sin guion,CL 79 SUR # 52A - 145,si,
Santa cruz carrera 52 #100 - 13 Apartamento,raw.csv,CR 52 # 100 - 13,OK,0.98,texto antes de la dirección | descartado: 'santa cruz' | descartado: 'apartamento',CR 52 # 100 - 13,si,
Carrera Carrera 52b#88-22 Aranjuez Casa,raw.csv,CR 52B # 88 - 22,OK,1.0,descartado: 'aranjuez casa',CR 52B # 88 - 22,si,
Calle 118 #crr118 39AD-47  118 casa,raw.csv,CL 118 # 118 - 39,OK,0.97,placa sin guion | descartado: 'ad-47 118 casa',CL 118 # 118 - 39,si,
CRA 51 CON 50,datos.gov.co/yf5q-5qsr (Accidentes Copacabana),CR 51 X CL 50,PARCIAL,1.0,cruce de vías sin placa,,si,
Calle 40B Sur 37 - 24,datos.gov.co/7nv5-fy9z (Sedes administrativas Envigado),CL 40B SUR # 37 - 24,OK,1.0,,CL 40B SUR # 37 - 24,si,
Kr 37 a #107 a -22 Cerca al colegio nuevo horizonte 2,raw.csv,CR 37A # 107A - 22,OK,1.0,descartado: 'cerca al colegio nuevo horizonte 2',CR 37A # 107A - 22,si,
"Carrera 28#68B43, Antioquia~~~Medellin~~~~~~Carrera 28#68B43",raw.csv,CR 28 # 68B - 43,OK,0.97,placa sin guion,CR 28 # 68B - 43,si,
villa del socorro Santa Cruz Medellín antioquia cll105N4923 primer piso,raw.csv,CL 105 # 49 - 23,OK,0.9,texto antes de la dirección | números pegados '4923' separados como 49-23 | descartado: 'villa del socorro santa cruz medellin antioquia' | descartado: 'primer piso',CL 105 # 49 - 23,si,
CL 47D#81A 23,datos.gov.co/ysx6-4ez9 (Establecimientos de comercio 2020),CL 47D # 81A - 23,OK,0.97,placa sin guion,CL 47D # 81A - 23,si,
Calle Calle 69 #33-55 Tercer piso (encima del montallantas),raw.csv,CL 69 # 33 - 55,OK,1.0,descartado: 'tercer piso' | descartado: '(encima del montallantas)',CL 69 # 33 - 55,si,
CL 95 SUR #56 111,datos.gov.co/ysx6-4ez9 (Establecimientos de comercio 2020),CL 95 SUR # 56 - 111,OK,0.97,placa sin guion,CL 95 SUR # 56 - 111,si,
VEREDA EL NORAL SECTOR EL 20,datos.gov.co/yf5q-5qsr (Accidentes Copacabana),,FALLO,0.0,,,si,
CRA 28 N- 43-88,datos.gov.co/yf5q-5qsr (Accidentes Copacabana),CR 28 # 43 - 88,OK,0.95,guion entre vía y cruce,CR 28 # 43 - 88,si,
carrera 48b#110-83 En la cuadra del D1,raw.csv,CR 48B # 110 - 83,OK,1.0,descartado: 'en la cuadra del d1',CR 48B # 110 - 83,si,
Cra. 50a # 89a8 Aranjuez primer piso,raw.csv,CR 50A # 89A - 08,OK,0.95,placa sin guion | placa de un dígito completada con cero | descartado: 'aranjuez primer piso',CR 50A # 89A - 08,si,
CR 42 NRO. 60 SUR 60 CA 242,datos.gov.co/8xhn-2dp9 (Empresas de construcción del Aburrá Sur),CR 42 # 60 SUR - 60,OK,0.97,placa sin guion | descartado: 'ca 242',CR 42 # 60 SUR - 60,si,
Carrera Carrera 45#100-46 Casa interior 202,raw.csv,CR 45 # 100 - 46,OK,1.0,descartado: 'casa interior 202',CR 45 # 100 - 46,si,
Carrera Carrera 51 # 91-34 Cerca de la parroquia san Cayetano,raw.csv,CR 51 # 91 - 34,OK,1.0,descartado: 'cerca de la parroquia san cayetano',CR 51 # 91 - 34,si,
Carrera 30 #111-142 interior 1702,raw.csv,CR 30 # 111 - 142,OK,1.0,descartado: 'interior 1702',CR 30 # 111 - 142,si,
EL BALLO VIA LA CHORRERA,datos.gov.co/p9gh-kikx (Accidentalidad Barbosa),,FALLO,0.0,,,si,
cll109a#50a100,raw.csv,CL 109A # 50A - 100,OK,0.97,placa sin guion,CL 109A # 50A - 100,si,
CL 60 SUR #48 62 SABANETA,datos.gov.co/ysx6-4ez9 (Establecimientos de comercio 2020),CL 60 SUR # 48 - 62,OK,0.97,placa sin guion | descartado: 'sabaneta',CL 60 SUR # 48 - 62,si,
Clle 72 #99-58 Casa,raw.csv,CL 72 # 99 - 58,OK,1.0,descartado: 'casa',CL 72 # 99 - 58,si,
CR 50#38 35 MEDELLIN,datos.gov.co/ysx6-4ez9 (Establecimientos de comercio 2020),CR 50 # 38 - 35,OK,0.97,placa sin guion | descartado: 'medellin',CR 50 # 38 - 35,si,
CRA 22b 95-17 primer piso,raw.csv,CR 22B # 95 - 17,OK,1.0,descartado: 'primer piso',CR 22B # 95 - 17,si,
Calle 68 #39 A 24 Piso 2,raw.csv,CL 68 # 39A - 24,OK,0.97,placa sin guion | descartado: 'piso 2',CL 68 # 39A - 24,si,
Calle 104D #50A62 Piso,raw.csv,CL 104D # 50A - 62,OK,0.97,placa sin guion | descartado: 'piso',CL 104D # 50A - 62,si,
VEREDA EL ECO   KM 4 + 50 TR 6205,datos.gov.co/p9gh-kikx (Accidentalidad Barbosa),TV 62 # 5,PARCIAL,0.9,"contiene indicios rurales (km, vereda, finca) | dirección sin placa | texto antes de la dirección | números pegados '6205' separados como 62-05 | descartado: 'vereda el eco km 4 + 50'",,si,
106 27b169 casa,raw.csv,,FALLO,0.0,,,si,
CR 51 FRENTE AL 47 A 53,datos.gov.co/yf5q-5qsr (Accidentes Copacabana),CR 51,PARCIAL,1.0,dirección sin cruce ni placa | descartado: 'frente al 47 a 53',CR 51 # 47A – 53,si,
Calle Calle 76 49-49 301,raw.csv,CL 76 # 49 - 49,OK,1.0,descartado: '301',CL 76 # 49 - 49,si,
Calle 67#56A-60 Unidad faro del rio apartamento 2704,raw.csv,CL 67 # 56A - 60,OK,1.0,descartado: 'unidad faro del rio apartamento 2704',CL 67 # 56A - 60,si,
CL 49 SUR #45A 300 OFICINA 1607 ENVIGADO,datos.gov.co/ysx6-4ez9 (Establecimientos de comercio 2020),CL 49 SUR # 45A - 300,OK,0.97,placa sin guion | descartado: 'oficina 1607 envigado',CL 49 SUR # 45A - 300,si,
CALLE 42 A 56-1378,datos.gov.co/yf5q-5qsr (Accidentes Copacabana),CL 42A # 56 - 1378,PARCIAL,1.0,placa '1378' con más de 3 dígitos,,si,
CR 50#77 SUR 194,datos.gov.co/ysx6-4ez9 (Establecimientos de comercio 2020),CR 50 # 77 SUR - 194,OK,0.97,placa sin guion,CR 50 # 77 SUR - 194,si,
cra 45 #102-37,raw.csv,CR 45 # 102 - 37,OK,1.0,,CR 45 # 102 - 37,si,
Calle Cll 103 segundo piso Calle Cll 103 segundo piso #50c-48 interior 201 Referencia: Segundo piso,raw.csv,CL 103,PARCIAL,1.0,dirección sin cruce ni placa | descartado: 'segundo piso calle cll 103 segundo piso #50c-48 interior 201 referencia: segundo piso',CL 103 # 50C - 48,si,
CR 54B#79 SUR 09,datos.gov.co/ysx6-4ez9 (Establecimientos de comercio 2020),CR 54B # 79 SUR - 09,OK,0.97,placa sin guion,CR 54B # 79 SUR - 09,si,
CR 55#83C SUR  116,datos.gov.co/ysx6-4ez9 (Establecimientos de comercio 2020),CR 55 # 83C SUR - 116,OK,0.97,placa sin guion,CR 55 # 83C SUR - 116,si,
CR 48C#100 SUR 72 BODEGA 14,datos.gov.co/ysx6-4ez9 (Establecimientos de comercio 2020),CR 48C # 100 SUR - 72,OK,0.97,placa sin guion | descartado: 'bodega 14',CR 48C # 100 SUR - 72,si,
Calle Calle 105 cr49-45 Apartamento,raw.csv,CL 105 # 49 - 45,OK,1.0,descartado: 'apartamento',CL 105 # 49 - 45,si,
Carrera 49b #87-78 Primer piso,raw.csv,CR 49B # 87 - 78,OK,1.0,descartado: 'primer piso',CR 49B # 87 - 78,si,
"Calle 107b 27b-20 Santo domingo La avanzada Calle 107b 23a-26 
Santo domingo
La avanzada",raw.csv,CL 107B # 27B - 20,PARCIAL,1.0,el texto contiene varias direcciones | descartado: 'santo domingo la avanzada calle 107b 23a-26 santo domingo la avanzada',,si,
Cr 36 bb cl 102 c -74(interior 302) Apartamento,raw.csv,CR 36BB # 102C - 74,OK,1.0,descartado: 'apartamento' | descartado: '(interior 302)',CR 36BB # 102C - 74,si,
CRA 55 CON 50,datos.gov.co/yf5q-5qsr (Accidentes Copacabana),CR 55 X CL 50,PARCIAL,1.0,cruce de vías sin placa,,si,
Calle Calle 112#49B 51 Segundo piso,raw.csv,CL 112 # 49B - 51,OK,0.97,placa sin guion | descartado: 'segundo piso',CL 112 # 49B - 51,si,
Calle Calle 112#51a-128 Casa segundo piso,raw.csv,CL 112 # 51A - 128,OK,1.0,descartado: 'casa segundo piso',CL 112 # 51A - 128,si,
calle 95# 39-10 callejón callejón ultima casa,raw.csv,CL 95 # 39 - 10,OK,1.0,descartado: 'callejon callejon ultima casa',CL 95 # 39 - 10,si,
Calle CL111ACR38A15 #108-108 apartamento,raw.csv,CL 111A # 38A - 15,OK,0.97,placa sin guion | descartado: '#108-108 apartamento',CL 111A # 38A - 15,si,
Carrera Crra 50b #98 a 8 por el colegio republica Casa 2 piso,raw.csv,CR 50B # 98A - 08,OK,0.95,placa sin guion | placa de un dígito completada con cero | descartado: 'por el colegio republica casa 2 piso',CR 50B # 98A - 08,si,
Carrera 23 #101 ab 15-115 casa,raw.csv,CR 23 # 101AB - 15,PARCIAL,0.97,"varias placas; se toma la primera, resto: 115 | placa sin guion | descartado: 'casa'",,si,
CL 99 SUR #57 85,datos.gov.co/ysx6-4ez9 (Establecimientos de comercio 2020),CL 99 SUR # 57 - 85,OK,0.97,placa sin guion,CL 99 SUR # 57 - 85,si,
"Carrera Carrera 49 79-35, piso 4",raw.csv,CR 49 # 79 - 35,OK,1.0,descartado: 'piso 4',CR 49 # 79 - 35,si,
Calle 102#29-13interior 107 Por el colegio la escuelita,raw.csv,CL 102 # 29 - 13,OK,1.0,descartado: 'interior 107 por el colegio la escuelita',CL 102 # 29 - 13,si,
Calle 72a #45-84 piso 3,raw.csv,CL 72A # 45 - 84,OK,1.0,descartado: 'piso 3',CL 72A # 45 - 84,si,
Calle 84 AA # 22 A 17 Cancha de bello oriente,raw.csv,CL 84AA # 22A - 17,OK,0.97,placa sin guion | descartado: 'cancha de bello oriente',CL 84AA # 22A - 17,si,
Av. Carrera 40 #92-55 manrique la salle tercer piso,raw.csv,CR 40 # 92 - 55,OK,1.0,descartado: 'manrique la salle tercer piso',CR 40 # 92 - 55,si,
88 # 57-26 Moravia Int 301 Interior 301,raw.csv,,FALLO,0.0,,,si,
Calle 120 Calle 120 #50b-37 Tercer piso Referencia: Casa tercer piso,raw.csv,CL 120 # 50B - 37,OK,1.0,descartado: 'calle 120' | descartado: 'tercer piso referencia: casa tercer piso',CL 120 # 50B - 37,si,
CR 51#96 SUR  50 APTO.711,datos.gov.co/ysx6-4ez9 (Establecimientos de comercio 2020),CR 51 # 96 SUR - 50,OK,0.97,placa sin guion | descartado: 'apto.711',CR 51 # 96 SUR - 50,si,
Calle 82 31A 124 interior 201 Segundo piso,raw.csv,CL 82 # 31A - 124,OK,0.97,placa sin guion | descartado: 'interior 201 segundo piso',CL 82 # 31A - 124,si,
CR 50#79 SUR 101 LOCAL 123 STOCK SUR,datos.gov.co/ysx6-4ez9 (Establecimientos de comercio 2020),CR 50 # 79 SUR - 101,OK,0.97,placa sin guion | descartado: 'local 123 stock sur',CR 50 # 79 SUR - 101,si,
don matias hatillo km 29+000,datos.gov.co/p9gh-kikx (Accidentalidad Barbosa),,FALLO,0.0,,,si,
CR 49E#96 SUR  155 BODEGA 4,datos.gov.co/ysx6-4ez9 (Establecimientos de comercio 2020),CR 49E # 96 SUR - 155,OK,0.97,placa sin guion | descartado: 'bodega 4',CR 49E # 96 SUR - 155,si,
CR 50#96 SUR 280 BODEGA 13 PINAR DEL RIO,datos.gov.co/ysx6-4ez9 (Establecimientos de comercio 2020),CR 50 # 96 SUR - 280,OK,0.97,placa sin guion | descartado: 'bodega 13 pinar del rio',CR 50 # 96 SUR - 280,si,
Cra 29 #108-66 Medellín Antioquia popular 1 la torre,raw.csv,CR 29 # 108 - 66,OK,1.0,descartado: 'medellin antioquia popular 1 la torre',CR 29 # 108 - 66,si,
Calle 71A Calle 71A 37-16 201 Referencia: Detrás del colegio Manuela Beltrán de el parque Gaitán,raw.csv,CL 71A # 37 - 16,OK,1.0,descartado: 'calle 71a' | descartado: '201 referencia: detras del colegio manuela beltran de el parque gaitan',CL 71A # 37 - 16,si,
CL 73 SUR #63AA 185 TO 1 AP 1704,datos.gov.co/ysx6-4ez9 (Establecimientos de comercio 2020),CL 73 SUR # 63AA - 185,OK,0.97,placa sin guion | descartado: 'to 1 ap 1704',CL 73 SUR # 63AA - 185,si,
"Calle Calle 101 #50c - 137 Santa cruz Casa, primer piso.",raw.csv,CL 101 # 50C - 137,OK,1.0,"descartado: 'santa cruz casa, primer piso'",CL 101 # 50C - 137,si,
Calle Calle 121#50b42 3 piso,raw.csv,CL 121 # 50B - 42,OK,0.97,placa sin guion | descartado: '3 piso',CL 121 # 50B - 42,si,
Cra 52#92-89 interior 130 Aranjuez piso 1(si no estoy dejar arriba en la esquina autoservicio la 52),raw.csv,CR 52 # 92 - 89,OK,1.0,descartado: 'interior 130 aranjuez piso 1' | descartado: '(si no estoy dejar arriba en la esquina autoservicio la 52)',CR 52 # 92 - 89,si,
"Manrique central, calle 80#42-28",raw.csv,CL 80 # 42 - 28,OK,0.98,texto antes de la dirección | descartado: 'manrique central',CL 80 # 42 - 28,si,
"Calle Calle 102 #49 c 30 primer piso, puerta garaje rojo",raw.csv,CL 102 # 49C - 30,OK,0.97,"placa sin guion | descartado: 'primer piso, puerta garaje rojo'",CL 102 # 49C - 30,si,
Carrera Carrera 36 A A #89A 60 INT 108 Barrio San Bl Casa color azul al terminar la cuadra,raw.csv,CR 36AA # 89A - 60,OK,0.97,placa sin guion | descartado: 'int 108 barrio san bl casa color azul al terminar la cuadra',CR 36AA # 89A - 60,si,
CALLE 50 #62-138,datos.gov.co/yf5q-5qsr (Accidentes Copacabana),CL 50 # 62 - 138,OK,1.0,,CL 50 # 62 - 138,si,
Carrera 50a #92-50 Apartamento 301,raw.csv,CR 50A # 92 - 50,OK,1.0,descartado: 'apartamento 301',CR 50A # 92 - 50,si,
Carrera 48 46 sur 150 Int Inder,datos.gov.co/7nv5-fy9z (Sedes administrativas Envigado),CR 48 # 46 SUR - 150,OK,0.97,placa sin guion | descartado: 'int inder',CR 48 # 46 SUR - 150,si,
Calle Calle 83a#39-174 Manríque santa ines,raw.csv,CL 83A # 39 - 174,OK,1.0,descartado: 'manrique santa ines',CL 83A # 39 - 174,si,
"Calle 99a#22a-103 tienda, don salomon, al frente de la cancha carpinelo",raw.csv,CL 99A # 22A - 103,OK,1.0,"descartado: 'tienda, don salomon, al frente de la cancha carpinelo'",CL 99A # 22A - 103,si,
calle 119 carrera 43aa 01 interios 223,raw.csv,CL 119 # 43AA - 01,OK,0.97,placa sin guion | descartado: 'interios 223',CL 119 # 43AA - 01,si,
carrera 49a número 90 80,raw.csv,CR 49A # 90 - 80,OK,0.97,placa sin guion,CR 49A # 90 - 80,si,
Calle 71B #29 14 Casa,raw.csv,CL 71B # 29 - 14,OK,0.97,placa sin guion | descartado: 'casa',CL 71B # 29 - 14,si,
"Cra. 44 #95 -62 Barrio Manrique Villa de Guadalupe, Antioquia~~~Medellin~~~~~~Cra. 44 #95 -62 Barrio Manrique Villa de Guadalupe",raw.csv,CR 44 # 95 - 62,OK,1.0,descartado: 'barrio manrique villa de guadalupe' | descartado: '',CR 44 # 95 - 62,si,
CL 79 SUR #59 86 INT 9901,datos.gov.co/ysx6-4ez9 (Establecimientos de comercio 2020),CL 79 SUR # 59 - 86,OK,0.97,placa sin guion | descartado: 'int 9901',CL 79 SUR # 59 - 86,si,
Carrera 51 b # 106 a 20 int 201 Cada 2 piso,raw.csv,CR 51B # 106A - 20,OK,0.97,placa sin guion | descartado: 'int 201 cada 2 piso',CR 51B # 106A - 20,si,
CR 49D#94 SUR 60,datos.gov.co/ysx6-4ez9 (Establecimientos de comercio 2020),CR 49D # 94 SUR - 60,OK,0.97,placa sin guion,CR 49D # 94 SUR - 60,si,
CR 52#83C SUR 17,datos.gov.co/ysx6-4ez9 (Establecimientos de comercio 2020),CR 52 # 83C SUR - 17,OK,0.97,placa sin guion,CR 52 # 83C SUR - 17,si,
CR 43A#19 17 PISO 5,datos.gov.co/ysx6-4ez9 (Establecimientos de comercio 2020),CR 43A # 19 - 17,OK,0.97,placa sin guion | descartado: 'piso 5',CR 43A # 19 - 17,si,
TV 34A SUR NO 32D 13 IN 301,datos.gov.co/8xhn-2dp9 (Empresas de construcción del Aburrá Sur),TV 34A SUR # 32D - 13,OK,0.97,placa sin guion | descartado: 'in 301',TV 34A SUR # 32D - 13,si,
Calle Calle 101b# 42c-7 Segundo piso,raw.csv,CL 101B # 42C - 07,OK,0.98,placa de un dígito completada con cero | descartado: 'segundo piso',CL 101B # 42C - 07,si,
Calle Calla 119 50 b 140 la frontera Apartamento 301,raw.csv,CL 119 # 50B - 140,OK,0.92,placa sin guion | tipo de vía con error de escritura | descartado: 'la frontera apartamento 301',CL 119 # 50B - 140,si,
CR 43A NRO. 27A SUR 86 OF 244,datos.gov.co/8xhn-2dp9 (Empresas de construcción del Aburrá Sur),CR 43A # 27A SUR - 86,OK,0.97,placa sin guion | descartado: 'of 244',CR 43A # 27A SUR - 86,si,
Calle 79 Sur N° 59-59,datos.gov.co/7v8m-zcmy (Base de datos PH La Estrella),CL 79 SUR # 59 - 59,OK,1.0,,CL 79 SUR # 59 - 59,si,
Cra 38 A #81 - 78 Interior 301,raw.csv,CR 38A # 81 - 78,OK,1.0,descartado: 'interior 301',CR 38A # 81 - 78,si,
Calle 80c 55-114 Apto,raw.csv,CL 80C # 55 - 114,OK,1.0,descartado: 'apto',CL 80C # 55 - 114,si,
CL 80 SUR #59 04,datos.gov.co/ysx6-4ez9 (Establecimientos de comercio 2020),CL 80 SUR # 59 - 04,OK,0.97,placa sin guion,CL 80 SUR # 59 - 04,si,
CALLE 49 D SUR NO 40 A 351,datos.gov.co/g8hy-gwg8 (Instituciones educativas Envigado),CL 49D SUR # 40A - 351,OK,0.97,placa sin guion,CL 49D SUR # 40A - 351,si,
Carrera Carrera 54c #81 f19 Interior 114,raw.csv,CR 54C # 81F - 19,OK,0.97,placa sin guion | descartado: 'interior 114',CR 54C # 81F - 19,si,
Carrera Carrera 36 69-79 Segundo piso,raw.csv,CR 36 # 69 - 79,OK,1.0,descartado: 'segundo piso',CR 36 # 69 - 79,si,
"Cra 51a #97-32 Apto 301, llamar al 3000000000, Antioquia~~~Medellin~~~~~~Cra 51a #97-32 Apto 301, llamar al 3000000000",raw.csv,CR 51A # 97 - 32,OK,1.0,"descartado: 'apto 301, llamar al' | descartado: '3000000000'",CR 51A # 97 - 32,si,
KM 10+10+10 BELLO HATILÑLO,datos.gov.co/yf5q-5qsr (Accidentes Copacabana),,FALLO,0.0,,,si,
CR 58 FRENTE 56-65,datos.gov.co/yf5q-5qsr (Accidentes Copacabana),CR 58,PARCIAL,1.0,dirección sin cruce ni placa | descartado: 'frente 56-65',CR 58 # 56 – 65,si,
Calle 102 #aa27-b71 piso,raw.csv,CL 102,PARCIAL,1.0,dirección sin cruce ni placa | descartado: 'aa27-b71 piso',CL 102AA # 27B – 71,si,
Calle Calle 107F #27b-55 Casa,raw.csv,CL 107F # 27B - 55,OK,1.0,descartado: 'casa',CL 107F # 27B - 55,si,
Carrera 30 #72-45,raw.csv,CR 30 # 72 - 45,OK,1.0,,CR 30 # 72 - 45,si,
CALLE 51 CRA 57,datos.gov.co/yf5q-5qsr (Accidentes Copacabana),CL 51 X CR 57,PARCIAL,1.0,cruce de vías sin placa,,si,
Calle 92 # 48 - 11 Piso 1,raw.csv,CL 92 # 48 - 11,OK,1.0,descartado: 'piso 1',CL 92 # 48 - 11,si,
Carrera Carrera 39# 70-22 Dos cuadras abajo del parque Gaitan 1 piso,raw.csv,CR 39 # 70 - 22,OK,1.0,descartado: 'dos cuadras abajo del parque gaitan 1 piso',CR 39 # 70 - 22,si,
CL 10 SUR #51 62 MEDELLIN,datos.gov.co/ysx6-4ez9 (Establecimientos de comercio 2020),CL 10 SUR # 51 - 62,OK,0.97,placa sin guion | descartado: 'medellin',CL 10 SUR # 51 - 62,si,
Calle 89 #54-50 piso 3,raw.csv,CL 89 # 54 - 50,OK,1.0,descartado: 'piso 3',CL 89 # 54 - 50,si,
cra 48b #111-45 int 301,raw.csv,CR 48B # 111 - 45,OK,1.0,descartado: 'int 301',CR 48B # 111 - 45,si,
cr 46 # 85-26 piso 2,raw.csv,CR 46 # 85 - 26,OK,1.0,descartado: 'piso 2',CR 46 # 85 - 26,si,
calle 81#41-25 piso 2,raw.csv,CL 81 # 41 - 25,OK,1.0,descartado: 'piso 2',CL 81 # 41 - 25,si,
"carrera 51a #97-82 int 256 casa, primer piso",raw.csv,CR 51A # 97 - 82,OK,1.0,"descartado: 'int 256 casa, primer piso'",CR 51A # 97 - 82,si,
Calle 36D Sur 27 40,datos.gov.co/7nv5-fy9z (Sedes administrativas Envigado),CL 36D SUR # 27 - 40,OK,0.97,placa sin guion,CL 36D SUR # 27 - 40,si,
carrera 37# 95A23 interior  310 manrrique san Pablo manrrique san Pablo,raw.csv,CR 37 # 95A - 23,OK,0.97,placa sin guion | descartado: 'interior 310 manrrique san pablo manrrique san pablo',CR 37 # 95A - 23,si,
Calle 79 Sur Nro. 55 - 15,datos.gov.co/7v8m-zcmy (Base de datos PH La Estrella),CL 79 SUR # 55 - 15,OK,1.0,,CL 79 SUR # 55 - 15,si,
AUT MED-BOG KM 4+500,datos.gov.co/yf5q-5qsr (Accidentes Copacabana),,FALLO,0.0,,,si,
Calle 80 Sur Nro. 56 D 42,datos.gov.co/7v8m-zcmy (Base de datos PH La Estrella),CL 80 SUR # 56D - 42,OK,0.97,placa sin guion,CL 80 SUR # 56D - 42,si,
CL 6 SUR #51 41 MEDELLIN,datos.gov.co/ysx6-4ez9 (Establecimientos de comercio 2020),CL 6 SUR # 51 - 41,OK,0.97,placa sin guion | descartado: 'medellin',CL 6 SUR # 51 - 41,si,
KM18+000,datos.gov.co/p9gh-kikx (Accidentalidad Barbosa),,FALLO,0.0,,,si,
CLL 50 FRENTE 58-81,datos.gov.co/yf5q-5qsr (Accidentes Copacabana),CL 50,PARCIAL,1.0,dirección sin cruce ni placa | descartado: 'frente 58-81',CL 50 # 58 – 81,si,
Calle Cl 124 43c-6 Int 133,raw.csv,CL 124 # 43C - 06,OK,0.98,placa de un dígito completada con cero | descartado: 'int 133',CL 124 # 43C - 06,si,
Carrera 55 #95a-15 apartamento 129,raw.csv,CR 55 # 95A - 15,OK,1.0,descartado: 'apartamento 129',CR 55 # 95A - 15,si,
Calle 69 # 31-12 Primer piso,raw.csv,CL 69 # 31 - 12,OK,1.0,descartado: 'primer piso',CL 69 # 31 - 12,si,
CL 44 CR 83,datos.gov.co/yf5q-5qsr (Accidentes Copacabana),CL 44 X CR 83,PARCIAL,1.0,cruce de vías sin placa,,si,
CALLE 59 N- 59-06,datos.gov.co/yf5q-5qsr (Accidentes Copacabana),CL 59 # 59 - 06,OK,0.95,guion entre vía y cruce,CL 59 # 59 - 06,si,
CRA 78 FRENTE 42+25,datos.gov.co/yf5q-5qsr (Accidentes Copacabana),CR 78,PARCIAL,1.0,dirección sin cruce ni placa | descartado: 'frente 42+25',CR 78 # 42 – 25,si,
cll 108 c cr 28 c -4,raw.csv,CL 108C # 28C - 04,OK,0.98,placa de un dígito completada con cero,CL 108C # 28C - 04,si,
"Cra. 53 # 89A - 3 Barrio Aranjuez Una cuadra abajo del comfama de Aranjuez, llamar al 312 2705869",raw.csv,CR 53 # 89A - 03,OK,0.98,"placa de un dígito completada con cero | descartado: 'barrio aranjuez una cuadra abajo del comfama de aranjuez, llamar al' | descartado: '312 2705869'",CR 53 # 89A - 03,si,
AUTOPISTA MEDELLIN BOGOTA KM 13+440,datos.gov.co/yf5q-5qsr (Accidentes Copacabana),,FALLO,0.0,,,si,
Calle 118 Calle 118 #49-84 Referencia: Confirmo Dirección Calle 118 #49 c84 (Apto 301),raw.csv,CL 118 # 49 - 84,PARCIAL,1.0,el texto contiene varias direcciones | descartado: 'calle 118' | descartado: 'referencia: confirmo direccion calle 118 #49 c84' | descartado: '(Apto 301)',,si,
6205 km 001,datos.gov.co/p9gh-kikx (Accidentalidad Barbosa),,FALLO,0.0,,,si,
Carrera 30A calle 111-96 interior 1158 Casa,raw.csv,CR 30A # 111 - 96,OK,1.0,descartado: 'interior 1158 casa',CR 30A # 111 - 96,si,
CL 40F SUR NRO. 40 11,datos.gov.co/8xhn-2dp9 (Empresas de construcción del Aburrá Sur),CL 40F SUR # 40 - 11,OK,0.97,placa sin guion,CL 40F SUR # 40 - 11,si,
Calle Calle 88 #36 AA45 Piso 3,raw.csv,CL 88 # 36AA - 45,OK,0.97,placa sin guion | descartado: 'piso 3',CL 88 # 36AA - 45,si,
AUTOPISTA MEDELLIN BOGOTA KM14+00,datos.gov.co/yf5q-5qsr (Accidentes Copacabana),,FALLO,0.0,,,si,
CR 59#75AA SUR 75,datos.gov.co/ysx6-4ez9 (Establecimientos de comercio 2020),CR 59 # 75AA SUR - 75,OK,0.97,placa sin guion,CR 59 # 75AA SUR - 75,si,
Carrera 51 b # 86-45,raw.csv,CR 51B # 86 - 45,OK,1.0,,CR 51B # 86 - 45,si,
"Calle 71 A # 37 - 16 Interior 201, Manrique Oriental~~~Medellin~~~~~~Calle 71 A # 37 - 16 Interior 201",raw.csv,CL 71A # 37 - 16,OK,1.0,descartado: 'interior 201',CL 71A # 37 - 16,si,
CALLE 52 CON CARRERA 46,datos.gov.co/yf5q-5qsr (Accidentes Copacabana),CL 52 X CR 46,PARCIAL,1.0,cruce de vías sin placa,,si,
calle 75b # 36 a 89 2 piso casa,raw.csv,CL 75B # 36A - 89,OK,0.97,placa sin guion | descartado: '2 piso casa',CL 75B # 36A - 89,si,
interior 204 callejon,raw.csv,,FALLO,0.0,,,si,
Carrera Carrera 50B #94 -78 Apto 201,raw.csv,CR 50B # 94 - 78,OK,1.0,descartado: 'apto 201',CR 50B # 94 - 78,si,
CR 51 AL FREB¿NTE 50-07,datos.gov.co/yf5q-5qsr (Accidentes Copacabana),CR 51,PARCIAL,1.0,dirección sin cruce ni placa | descartado: 'al freb¿nte 50-07',CR 51 # 50-07,si,
CR 45A NO 65 SUR 66,datos.gov.co/8xhn-2dp9 (Empresas de construcción del Aburrá Sur),CR 45A # 65 SUR - 66,OK,0.97,placa sin guion,CR 45A # 65 SUR - 66,si,
Carrera Carrera 30 #111-150 Barrio popular 1Casa primer piso puerta negra,raw.csv,CR 30 # 111 - 150,OK,1.0,descartado: 'barrio popular 1casa primer piso puerta negra',CR 30 # 111 - 150,si,
km4 25AN19,datos.gov.co/p9gh-kikx (Accidentalidad Barbosa),,FALLO,0.0,,,si,
CRA 44 NO 38 SUR 15,datos.gov.co/g8hy-gwg8 (Instituciones educativas Envigado),CR 44 # 38 SUR - 15,OK,0.97,placa sin guion,CR 44 # 38 SUR - 15,si,
Calle Calle 110 #50-22 Primer piso,raw.csv,CL 110 # 50 - 22,OK,1.0,descartado: 'primer piso',CL 110 # 50 - 22,si,
Calle Calle84b#23b71 Bello oriente partes altas de santo domingo,raw.csv,CL 84B # 23B - 71,OK,0.97,placa sin guion | descartado: 'bello oriente partes altas de santo domingo',CL 84B # 23B - 71,si,
VIA BELLO HATILLO KM 11+700,datos.gov.co/yf5q-5qsr (Accidentes Copacabana),,FALLO,0.0,,,si,
Cra 31 n107-54 Autoservicio valentina,raw.csv,CR 31 # 107 - 54,OK,1.0,descartado: 'autoservicio valentina',CR 31 # 107 - 54,si,
cl.98b #40-4 primer piso,raw.csv,CL 98B # 40 - 04,OK,0.98,placa de un dígito completada con cero | descartado: 'primer piso',CL 98B # 40 - 04,si,
Cll100#45a11int206 Barrio Santa Cruz primer callejón a mano dere,raw.csv,CL 100 # 45A - 11,OK,0.97,placa sin guion | descartado: 'int206 barrio santa cruz primer callejon a mano dere',CL 100 # 45A - 11,si,
Calle Carrera 53 #100-17 Santa Cruz,raw.csv,CR 53 # 100 - 17,OK,0.95,"tipos de vía distintos (CL, CR), se usa el último | descartado: 'santa cruz'",CR 53 # 100 - 17,si,
CALLE 40 H SUR 41-61,datos.gov.co/g8hy-gwg8 (Instituciones educativas Envigado),CL 40H SUR # 41 - 61,OK,1.0,,CL 40H SUR # 41 - 61,si,
Carrera carrera 36 Carrera carrera 36 # 85b-23 Estacion de policia,raw.csv,CR 36 # 85B - 23,OK,1.0,descartado: 'carrera carrera 36' | descartado: 'estacion de policia',CR 36 # 85B - 23,si,
CR 50#96A SUR 98,datos.gov.co/ysx6-4ez9 (Establecimientos de comercio 2020),CR 50 # 96A SUR - 98,OK,0.97,placa sin guion,CR 50 # 96A SUR - 98,si,
Carrera 50 D 88 18 apto 303 edificio amaro,raw.csv,CR 50D # 88 - 18,OK,0.97,placa sin guion | descartado: 'apto 303 edificio amaro',CR 50D # 88 - 18,si,
CR 52#7 57 MEDELLIN,datos.gov.co/ysx6-4ez9 (Establecimientos de comercio 2020),CR 52 # 7 - 57,OK,0.97,placa sin guion | descartado: 'medellin',CR 52 # 7 - 57,si,
Calle 107d #29 a 37 Casa,raw.csv,CL 107D # 29A - 37,OK,0.97,placa sin guion | descartado: 'casa',CL 107D # 29A - 37,si,
Carrera 31c #93a06 Apartamento,raw.csv,CR 31C # 93A - 06,OK,0.97,placa sin guion | descartado: 'apartamento',CR 31C # 93A - 06,si,
Calle Calle 75a #34-81 Piso 2,raw.csv,CL 75A # 34 - 81,OK,1.0,descartado: 'piso 2',CL 75A # 34 - 81,si,
CL 100B SUR #48CC 41,datos.gov.co/ysx6-4ez9 (Establecimientos de comercio 2020),CL 100B SUR # 48CC - 41,OK,0.97,placa sin guion,CL 100B SUR # 48CC - 41,si,
"cr 32 # 69-80 Primer piso, esquina, Antioquia~~~Medellin~~~~~~cr 32 # 69-80 Primer piso, esquina",raw.csv,CR 32 # 69 - 80,OK,1.0,"descartado: 'primer piso, esquina'",CR 32 # 69 - 80,si,
Carrera 49 a # 95 - 21 Casa primer piso,raw.csv,CR 49A # 95 - 21,OK,1.0,descartado: 'casa primer piso',CR 49A # 95 - 21,si,
CR 51#95B SUR 53,datos.gov.co/ysx6-4ez9 (Establecimientos de comercio 2020),CR 51 # 95B SUR - 53,OK,0.97,placa sin guion,CR 51 # 95B SUR - 53,si,
TV 32C SUR NRO. 33 60,datos.gov.co/8xhn-2dp9 (Empresas de construcción del Aburrá Sur),TV 32C SUR # 33 - 60,OK,0.97,placa sin guion,TV 32C SUR # 33 - 60,si,
CL 77 SUR NRO. 60 22,datos.gov.co/8xhn-2dp9 (Empresas de construcción del Aburrá Sur),CL 77 SUR # 60 - 22,OK,0.97,placa sin guion,CL 77 SUR # 60 - 22,si,
Carrera 52 #78-27 segundo piso,raw.csv,CR 52 # 78 - 27,OK,1.0,descartado: 'segundo piso',CR 52 # 78 - 27,si,
Calle 85 Calle 85 # 42 - 18 Referencia: Segundo piso,raw.csv,CL 85 # 42 - 18,OK,1.0,descartado: 'calle 85' | descartado: 'referencia: segundo piso',CL 85 # 42 - 18,si,
Avenida Calle 92 #50a-39 Aranjuez Apto 401,raw.csv,CL 92 # 50A - 39,OK,1.0,descartado: 'aranjuez apto 401',CL 92 # 50A - 39,si,
cr 48 52-09,datos.gov.co/yf5q-5qsr (Accidentes Copacabana),CR 48 # 52 - 09,OK,1.0,,CR 48 # 52 - 09,si,
Calle Cra 30 calle 111-40 Piso 1,raw.csv,CR 30 # 111 - 40,OK,1.0,descartado: 'calle' | descartado: 'piso 1',CR 30 # 111 - 40,si,
dos quebradas  km10+300,datos.gov.co/p9gh-kikx (Accidentalidad Barbosa),,FALLO,0.0,,,si,
KM 10+100,datos.gov.co/yf5q-5qsr (Accidentes Copacabana),,FALLO,0.0,,,si,
AUTOPISTA NORTE KM 9+900,datos.gov.co/yf5q-5qsr (Accidentes Copacabana),,FALLO,0.0,,,si,
cr 47#106-51 casa,raw.csv,CR 47 # 106 - 51,OK,1.0,descartado: 'casa',CR 47 # 106 - 51,si,
Calle Cl. 101#49-40,raw.csv,CL 101 # 49 - 40,OK,1.0,,CL 101 # 49 - 40,si,
"Carrera 28e #108-38 Barrio Santo Domingo Savio, primer piso",raw.csv,CR 28E # 108 - 38,OK,1.0,"descartado: 'barrio santo domingo savio, primer piso'",CR 28E # 108 - 38,si,
"CL. 94A #43B - 19 201 - Apto de rejas, Antioquia~~~Medellin~~~~~~CL. 94A #43B - 19 201 - Apto de rejas",raw.csv,CL 94A # 43B - 19,OK,1.0,descartado: '201 - apto de rejas',CL 94A # 43B - 19,si,
Carrera Cra 45#67-44 granero unitense Granero unitense,raw.csv,CR 45 # 67 - 44,OK,1.0,descartado: 'granero unitense granero unitense',CR 45 # 67 - 44,si,
VIA AUTOPISTA MEDELLIN BOGOTA KM 9+600,datos.gov.co/yf5q-5qsr (Accidentes Copacabana),,FALLO,0.0,,,si,
Street Carrera 49a #82-20 Piso 2 int 201 campo valdes,raw.csv,CR 49A # 82 - 20,OK,0.98,texto antes de la dirección | descartado: 'street' | descartado: 'piso 2 int 201 campo valdes',CR 49A # 82 - 20,si,
"CRA 42D # 108A77 - CRA 42D#108A73 AP. 101 casa esquina, enrejado negro",raw.csv,CR 42D # 108A - 77,PARCIAL,0.97,"el texto contiene varias direcciones | placa sin guion | descartado: '- cra 42d#108a73 ap. 101 casa esquina, enrejado negro'",,si,
Carrera 34 Calle 102 B 36 Carrera 34 Calle 102 B 36 #SN-SN Referencia: Cerca al colegio María Cano (Segundo piso reja negra),raw.csv,CR 34 # 102B - 36,OK,0.97,placa sin guion | descartado: 'carrera 34 calle 102 b 36 #sn-sn referencia: cerca al colegio maria cano' | descartado: '(Segundo piso reja negra)',CR 34 # 102B - 36,si,
cr 14 Nº15,datos.gov.co/p9gh-kikx (Accidentalidad Barbosa),CR 14 # 15,PARCIAL,1.0,dirección sin placa,CR 14 X CL 15,si,
Carrera 44 # 85-69 Primer piso,raw.csv,CR 44 # 85 - 69,OK,1.0,descartado: 'primer piso',CR 44 # 85 - 69,si,
CRA 49 A KILOMETRO 200+700 CABUYAL,datos.gov.co/yf5q-5qsr (Accidentes Copacabana),CR 49A,PARCIAL,1.0,"contiene indicios rurales (km, vereda, finca) | dirección sin cruce ni placa | descartado: 'kilometro 200+700 cabuyal'",,si,
Carrera Cr52#97-125 Billar estación tricentenario,raw.csv,CR 52 # 97 - 125,OK,1.0,descartado: 'billar estacion tricentenario',CR 52 # 97 - 125,si,
CALLE 59 CON 8,datos.gov.co/yf5q-5qsr (Accidentes Copacabana),CL 59 X CR 8,PARCIAL,1.0,cruce de vías sin placa,,si,
Calle Calle 104c # 50-30 Casa,raw.csv,CL 104C # 50 - 30,OK,1.0,descartado: 'casa',CL 104C # 50 - 30,si,
"Calle 106 Calle 106 43b-27 Referencia: Es bajando unas escalas, la cuadra se divide en dos, ir a mano izquierda hacia la 106, empezando las escalas mano izquierda",raw.csv,CL 106 # 43B - 27,OK,1.0,"descartado: 'calle 106' | descartado: 'referencia: es bajando unas escalas, la cuadra se divide en dos, ir a mano izquierda hacia la 106, empezando las escalas mano izquierda'",CL 106 # 43B - 27,si,
CALLE 59 FRENTE A 39-27 AUTOPISTA NORTE,datos.gov.co/yf5q-5qsr (Accidentes Copacabana),CL 59,PARCIAL,1.0,dirección sin cruce ni placa | descartado: 'frente a 39-27 autopista norte',CL 59 # 39 – 27,si,
CL 75B SUR #56 78,datos.gov.co/ysx6-4ez9 (Establecimientos de comercio 2020),CL 75B SUR # 56 - 78,OK,0.97,placa sin guion,CL 75B SUR # 56 - 78,si,
Calle Cl 73 # 49 44 Apartamento 202,raw.csv,CL 73 # 49 - 44,OK,0.97,placa sin guion | descartado: 'apartamento 202',CL 73 # 49 - 44,si,
carrera 42bb # 101b8 primer piso,raw.csv,CR 42BB # 101B - 08,OK,0.95,placa sin guion | placa de un dígito completada con cero | descartado: 'primer piso',CR 42BB # 101B - 08,si,
Calle 111#50a -18 Interior 202,raw.csv,CL 111 # 50A - 18,OK,1.0,descartado: 'interior 202',CL 111 # 50A - 18,si,
AUTOPISTA MEDELLIN BOGOTA KM 7+550,datos.gov.co/yf5q-5qsr (Accidentes Copacabana),,FALLO,0.0,,,si,
Calle 70b Calle 70b #27-95,raw.csv,CL 70B # 27 - 95,OK,1.0,descartado: 'calle 70b',CL 70B # 27 - 95,si,
Calle Calle 72 # 41-06 el pomar Primer piso al frente de un puente,raw.csv,CL 72 # 41 - 06,OK,1.0,descartado: 'el pomar primer piso al frente de un puente',CL 72 # 41 - 06,si,
Carrera 34a #71-35 Manrique Oriental 1 Piso,raw.csv,CR 34A # 71 - 35,OK,1.0,descartado: 'manrique oriental 1 piso',CR 34A # 71 - 35,si,
CARRERA 30N50-66,datos.gov.co/yf5q-5qsr (Accidentes Copacabana),CR 30 # 50 - 66,OK,1.0,,CR 30 # 50 - 66,si,
Av. Calle 110c #43b-6 interior 9901 sotano,raw.csv,CL 110C # 43B - 06,OK,0.98,placa de un dígito completada con cero | descartado: 'interior 9901 sotano',CL 110C # 43B - 06,si,
cl. 79a #50a-11 campo valdez segundo piso con muchas plantas,raw.csv,CL 79A # 50A - 11,OK,1.0,descartado: 'campo valdez segundo piso con muchas plantas',CL 79A # 50A - 11,si,
via hatillo bello k23 + 300,datos.gov.co/p9gh-kikx (Accidentalidad Barbosa),CR 23 # 3 - 00,PARCIAL,0.73,"confianza 0.73 menor al umbral 0.85 | texto antes de la dirección | números pegados '300' ambiguos, separados como 3-00 | descartado: 'via hatillo bello'",,si,
Calle 73#51D-71 Cc bosque plaza Local 1017 vive tu belleza/tienda de belleza,raw.csv,CL 73 # 51D - 71,OK,1.0,descartado: 'cc bosque plaza local 1017 vive tu belleza/tienda de belleza',CL 73 # 51D - 71,si,
PUERTO MULERO KM 21+050 BARBOSA,datos.gov.co/p9gh-kikx (Accidentalidad Barbosa),,FALLO,0.0,,,si,
CR 41#36 SUR 57 OFICINA 201 ENVIGADO,datos.gov.co/ysx6-4ez9 (Establecimientos de comercio 2020),CR 41 # 36 SUR - 57,OK,0.97,placa sin guion | descartado: 'oficina 201 envigado',CR 41 # 36 SUR - 57,si,
cra 14# 15 frente de # 52,datos.gov.co/p9gh-kikx (Accidentalidad Barbosa),CR 14 # 15,PARCIAL,1.0,dirección sin placa | descartado: 'frente de # 52',,si,
Carrera Cra 50c#77-21 Piso 3,raw.csv,CR 50C # 77 - 21,OK,1.0,descartado: 'piso 3',CR 50C # 77 - 21,si,
CL 47 NORTE #4B NORTE 85 CALI VALLE,datos.gov.co/ysx6-4ez9 (Establecimientos de comercio 2020),CL 47,PARCIAL,1.0,dirección sin cruce ni placa | descartado: 'norte #4b norte 85 cali valle',,si,
Carrera 24BC  69D interior 202 casa,raw.csv,CR 24BC # 69D,PARCIAL,1.0,dirección sin placa | descartado: 'interior 202 casa',CR 24BC X CL 69D,si,
104C#50-55 INTERIOR 101,raw.csv,,FALLO,0.0,,,si,
Carrera Cra 51a #71-29 Apartamento 201,raw.csv,CR 51A # 71 - 29,OK,1.0,descartado: 'apartamento 201',CR 51A # 71 - 29,si,
"cr 48a #101-34 interior (201) Segundo piso, casa embaldosada color naranja, Antioquia~~~Medellin~~~~~~cr 48a #101-34 interior (201) Segundo piso, casa embaldosada color naranja",raw.csv,CR 48A # 101 - 34,OK,1.0,"descartado: 'interior segundo piso, casa embaldosada color naranja' | descartado: '(201)'",CR 48A # 101 - 34,si,
"Carrera Aranjuez, Cra 46 # 97 047 Interior 133",raw.csv,CR 46 # 97 - 47,OK,0.95,placa sin guion | texto antes de la dirección | descartado: 'carrera aranjuez' | descartado: 'interior 133',CR 46 # 97 - 47,si,
"Carrera Carrera 49B # 89-65 Casa, segundo piso",raw.csv,CR 49B # 89 - 65,OK,1.0,"descartado: 'casa, segundo piso'",CR 49B # 89 - 65,si,
CR 50#100B SUR 760,datos.gov.co/ysx6-4ez9 (Establecimientos de comercio 2020),CR 50 # 100B SUR - 760,OK,0.97,placa sin guion,CR 50 # 100B SUR - 760,si,
Carrera Cra 36 con cll 85c Estación de policía Manrique,raw.csv,CR 36 X CL 85C,PARCIAL,1.0,cruce de vías sin placa | descartado: 'estacion de policia manrique',,si,
Carrera Crr 33 # 107 c 73 Apartamento 105,raw.csv,CR 33 # 107C - 73,OK,0.97,placa sin guion | descartado: 'apartamento 105',CR 33 # 107C - 73,si,
CR 49D#100 SUR 113,datos.gov.co/ysx6-4ez9 (Establecimientos de comercio 2020),CR 49D # 100 SUR - 113,OK,0.97,placa sin guion,CR 49D # 100 SUR - 113,si,
crr 31 #107 a 91 santo domingo sabio 1,raw.csv,CR 31 # 107A - 91,OK,0.97,placa sin guion | descartado: 'santo domingo sabio 1',CR 31 # 107A - 91,si,
CR 79#44 46,datos.gov.co/ysx6-4ez9 (Establecimientos de comercio 2020),CR 79 # 44 - 46,OK,0.97,placa sin guion,CR 79 # 44 - 46,si,
Carrera Car 40 # 93 - 81 Casa primer piso,raw.csv,CR 40 # 93 - 81,OK,1.0,descartado: 'casa primer piso',CR 40 # 93 - 81,si,
CR 64A #29 78 ITAGUI,datos.gov.co/ysx6-4ez9 (Establecimientos de comercio 2020),CR 64A # 29 - 78,OK,0.97,placa sin guion | descartado: 'itagui',CR 64A # 29 - 78,si,
CR 50#91 SUR 411 BODEGA 34 STOCK CENTER,datos.gov.co/ysx6-4ez9 (Establecimientos de comercio 2020),CR 50 # 91 SUR - 411,OK,0.97,placa sin guion | descartado: 'bodega 34 stock center',CR 50 # 91 SUR - 411,si,
CR 55#77 SUR 08,datos.gov.co/ysx6-4ez9 (Establecimientos de comercio 2020),CR 55 # 77 SUR - 08,OK,0.97,placa sin guion,CR 55 # 77 SUR - 08,si,
Carrera Cr42A-81-32 Casa,raw.csv,CR 42A # 81 - 32,OK,0.95,guion entre vía y cruce | descartado: 'casa',CR 42A # 81 - 32,si,
"Calle 97 # 44a21 Casa primer piso, interior 201",raw.csv,CL 97 # 44A - 21,OK,0.97,"placa sin guion | descartado: 'casa primer piso, interior 201'",CL 97 # 44A - 21,si,
CL 36 D SUR 25 A 31,datos.gov.co/g8hy-gwg8 (Instituciones educativas Envigado),CL 36D SUR # 25A - 31,OK,0.97,placa sin guion,CL 36D SUR # 25A - 31,si,
CL 9 SUR #32 87 APTO 801,datos.gov.co/ysx6-4ez9 (Establecimientos de comercio 2020),CL 9 SUR # 32 - 87,OK,0.97,placa sin guion | descartado: 'apto 801',CL 9 SUR # 32 - 87,si,
Carrera 79a # 30-38 Casa 1 piso,raw.csv,CR 79A # 30 - 38,OK,1.0,descartado: 'casa 1 piso',CR 79A # 30 - 38,si,
cra 17 con calle 10 30 de mayo,datos.gov.co/p9gh-kikx (Accidentalidad Barbosa),CR 17 # 10 - 30,OK,0.97,placa sin guion | descartado: 'de mayo',CR 17 # 10 - 30,si,
Carrera42a#85-114 Casa primer piso,raw.csv,CR 42A # 85 - 114,OK,1.0,descartado: 'casa primer piso',CR 42A # 85 - 114,si,
Cra 50a #107-37,raw.csv,CR 50A # 107 - 37,OK,1.0,,CR 50A # 107 - 37,si,
Cra 47 # 123-55 Interior 124,raw.csv,CR 47 # 123 - 55,OK,1.0,descartado: 'interior 124',CR 47 # 123 - 55,si,
Cll 106A 43B62 barrio popular 1 Casa planta baja punto de referencia panderia deli pan,raw.csv,CL 106A # 43B - 62,OK,0.97,placa sin guion | descartado: 'barrio popular 1 casa planta baja punto de referencia panderia deli pan',CL 106A # 43B - 62,si,
Calle Calle 101 #50c27 Apt 302,raw.csv,CL 101 # 50C - 27,OK,0.97,placa sin guion | descartado: 'apt 302',CL 101 # 50C - 27,si,
CL 79 SUR #52 178 INT.101,datos.gov.co/ysx6-4ez9 (Establecimientos de comercio 2020),CL 79 SUR # 52 - 178,OK,0.97,placa sin guion | descartado: 'int.101',CL 79 SUR # 52 - 178,si,
Carrera Carrera 30#102a-57 santo domingo sabio Piso 3 puerta izquierda,raw.csv,CR 30 # 102A - 57,OK,1.0,descartado: 'santo domingo sabio piso 3 puerta izquierda',CR 30 # 102A - 57,si,
CR 48B#99 SUR 59 BG 14,datos.gov.co/ysx6-4ez9 (Establecimientos de comercio 2020),CR 48B # 99 SUR - 59,OK,0.97,placa sin guion | descartado: 'bg 14',CR 48B # 99 SUR - 59,si,
Cra 47 #97-50 Piso 3,raw.csv,CR 47 # 97 - 50,OK,1.0,descartado: 'piso 3',CR 47 # 97 - 50,si,
Carrera 24f calle 90d #137 apartamento 102 Brr María cano carambolas por la 27,raw.csv,CR 24F # 90D - 137,PARCIAL,0.8,confianza 0.8 menor al umbral 0.85 | marcador '#' antes de la placa | descartado: 'apartamento 102 brr maria cano carambolas por la 27',,si,
"Calle Santa María la torre, calle 108 fb #28 b 43 Barrio Santa María la torre, casa tercer piso",raw.csv,CL 108FB # 28B - 43,OK,0.95,"placa sin guion | texto antes de la dirección | descartado: 'calle santa maria la torre' | descartado: 'barrio santa maria la torre, casa tercer piso'",CL 108FB # 28B - 43,si,
CL 83C SUR #55 44 LOCAL 07,datos.gov.co/ysx6-4ez9 (Establecimientos de comercio 2020),CL 83C SUR # 55 - 44,OK,0.97,placa sin guion | descartado: 'local 07',CL 83C SUR # 55 - 44,si,
Calle 77 sur N° 56C 09,datos.gov.co/7v8m-zcmy (Base de datos PH La Estrella),CL 77 SUR # 56C - 09,OK,0.97,placa sin guion,CL 77 SUR # 56C - 09,si,
carrera 51c #125-19 playon de los comuneros tercer piso,raw.csv,CR 51C # 125 - 19,OK,1.0,descartado: 'playon de los comuneros tercer piso',CR 51C # 125 - 19,si,
Carrera Carrera 39 #47-33 Casa reja negra,raw.csv,CR 39 # 47 - 33,OK,1.0,descartado: 'casa reja negra',CR 39 # 47 - 33,si,
Calle 79 Sur Nro. 61-56,datos.gov.co/7v8m-zcmy (Base de datos PH La Estrella),CL 79 SUR # 61 - 56,OK,1.0,,CL 79 SUR # 61 - 56,si,
Carrera Carrera 42c 118-32 Casa,raw.csv,CR 42C # 118 - 32,OK,1.0,descartado: 'casa',CR 42C # 118 - 32,si,
CR 77A#49 14 MEDELLIN,datos.gov.co/ysx6-4ez9 (Establecimientos de comercio 2020),CR 77A # 49 - 14,OK,0.97,placa sin guion | descartado: 'medellin',CR 77A # 49 - 14,si,
cta94#57c65(1170) casa,raw.csv,,FALLO,0.0,descartado: '(1170)',CR 94 # 57C – 65,si,
CL 47D#79 33,datos.gov.co/ysx6-4ez9 (Establecimientos de comercio 2020),CL 47D # 79 - 33,OK,0.97,placa sin guion,CL 47D # 79 - 33,si,
calle 103c #49--41 casa,raw.csv,CL 103C # 49 - 41,OK,1.0,descartado: 'casa',CL 103C # 49 - 41,si,
CR 50#95 SUR 104,datos.gov.co/ysx6-4ez9 (Establecimientos de comercio 2020),CR 50 # 95 SUR - 104,OK,0.97,placa sin guion,CR 50 # 95 SUR - 104,si,
CL 87 SUR #65B 753 INT 152,datos.gov.co/ysx6-4ez9 (Establecimientos de comercio 2020),CL 87 SUR # 65B - 753,OK,0.97,placa sin guion | descartado: 'int 152',CL 87 SUR # 65B - 753,si,
Carrera 49a #92 -108 Agencia de viajes viaja en antioquia,raw.csv,CR 49A # 92 - 108,OK,1.0,descartado: 'agencia de viajes viaja en antioquia',CR 49A # 92 - 108,si,
CL 49 51-23,datos.gov.co/yf5q-5qsr (Accidentes Copacabana),CL 49 # 51 - 23,OK,1.0,,CL 49 # 51 - 23,si,
CR 48B#99 SUR 59 BODEGA 08 PISO 2 SAN BARTOLOME,datos.gov.co/ysx6-4ez9 (Establecimientos de comercio 2020),CR 48B # 99 SUR - 59,OK,0.97,placa sin guion | descartado: 'bodega 08 piso 2 san bartolome',CR 48B # 99 SUR - 59,si,
"Calle107 # 49a41 Casa, primer piso",raw.csv,CL 107 # 49A - 41,OK,0.97,"placa sin guion | descartado: 'casa, primer piso'",CL 107 # 49A - 41,si,
Carrera 51 Carrera 51 #89-22 Referencia: San cayetano,raw.csv,CR 51 # 89 - 22,OK,1.0,descartado: 'carrera 51' | descartado: 'referencia: san cayetano',CR 51 # 89 - 22,si,
Cra 31 # 77 21 a 101 apartamento 101,raw.csv,CR 31 # 77 - 21,OK,0.97,placa sin guion | descartado: 'a 101 apartamento 101',CR 31 # 77 - 21,si,
CL 100B SUR #48CC 25,datos.gov.co/ysx6-4ez9 (Establecimientos de comercio 2020),CL 100B SUR # 48CC - 25,OK,0.97,placa sin guion,CL 100B SUR # 48CC - 25,si,
cr49c#108-48,raw.csv,CR 49C # 108 - 48,OK,1.0,,CR 49C # 108 - 48,si,
Calle Calle 76 48 a 90 int 301 campo valdes,raw.csv,CL 76 # 48A - 90,OK,0.97,placa sin guion | descartado: 'int 301 campo valdes',CL 76 # 48A - 90,si,
Av. Carrera 70 cra27#70B13-70B13 casa unifamiliar,raw.csv,CR 27 # 70B - 13,PARCIAL,0.97,"varias placas; se toma la primera, resto: 70 | placa sin guion | descartado: 'av. carrera 70' | descartado: 'b13 casa unifamiliar'",,si,
Cr 42D CL 108 A-71( interior 101) Apartamento,raw.csv,CR 42D # 108A - 71,OK,1.0,descartado: 'apartamento' | descartado: '( interior 101)',CR 42D # 108A - 71,si,
Calle 73 Sur Nro. 66 -02,datos.gov.co/7v8m-zcmy (Base de datos PH La Estrella),CL 73 SUR # 66 - 02,OK,1.0,,CL 73 SUR # 66 - 02,si,
VIA HATILLO BELLO KM 8+100,datos.gov.co/yf5q-5qsr (Accidentes Copacabana),,FALLO,0.0,,,si,
Carrera 47 B Carrera 47 B #98-27 Cra 47 B No 98 A 27 Referencia: Cra 47 B No 98 A 27,raw.csv,CR 47B # 98 - 27,PARCIAL,1.0,el texto contiene varias direcciones | descartado: 'carrera 47 b' | descartado: 'cra 47 b no 98 a 27 referencia: cra 47 b no 98 a 27',,si,
Carrera 50A N° 83 - 24 CASA 2° PISO Campo Valdes,raw.csv,CR 50A # 83 - 24,OK,1.0,descartado: 'casa 2 # piso campo valdes',CR 50A # 83 - 24,si,
calle 92 # 43b - 43 int 207 2 piso,raw.csv,CL 92 # 43B - 43,OK,1.0,descartado: 'int 207 2 piso',CL 92 # 43B - 43,si,
Calle 87 Sur Nro. 65 -65 1r piso y 65 -65 -201 2do piso,datos.gov.co/7v8m-zcmy (Base de datos PH La Estrella),CL 87 SUR # 65 - 65,OK,1.0,descartado: '1r piso y 65 -65 -201 2do piso',CL 87 SUR # 65 - 65,si,
Carrera 50A#81A-57 Barrio campo Valdés,raw.csv,CR 50A # 81A - 57,OK,1.0,descartado: 'barrio campo valdes',CR 50A # 81A - 57,si,
Calle Calle 71a #45-36 Apartamento 401,raw.csv,CL 71A # 45 - 36,OK,1.0,descartado: 'apartamento 401',CL 71A # 45 - 36,si,
CALLE 51 X 53 -71,datos.gov.co/yf5q-5qsr (Accidentes Copacabana),CL 51 # 53 - 71,OK,1.0,,CL 51 # 53 - 71,si,
ruta 6205 km 10 + 100,datos.gov.co/p9gh-kikx (Accidentalidad Barbosa),,FALLO,0.0,,,si,
Calle Calle 104 #42 b 34 Piso 1,raw.csv,CL 104 # 42B - 34,OK,0.97,placa sin guion | descartado: 'piso 1',CL 104 # 42B - 34,si,
"Cra. 41a # 79-44, Campo Valdes II, Medellín, Manrique, Medellín, Antioquia piso 2",raw.csv,CR 41A # 79 - 44,OK,1.0,"descartado: 'campo valdes ii, medellin, manrique, medellin, antioquia piso 2'",CR 41A # 79 - 44,si,
Cra 52 #100-13 santa cruz Calle principal fente a la escuela la rosa,raw.csv,CR 52 # 100 - 13,OK,1.0,descartado: 'santa cruz calle principal fente a la escuela la rosa',CR 52 # 100 - 13,si,
CALLE 59 AUTOPISTA,datos.gov.co/yf5q-5qsr (Accidentes Copacabana),CL 59,PARCIAL,1.0,dirección sin cruce ni placa | descartado: 'autopista',,si,
Carrera 47 #99-21 Primer piso Terminal 042,raw.csv,CR 47 # 99 - 21,OK,1.0,descartado: 'primer piso terminal 042',CR 47 # 99 - 21,si,
CALLE 15 CON CRA 21,datos.gov.co/p9gh-kikx (Accidentalidad Barbosa),CL 15 X CR 21,PARCIAL,1.0,cruce de vías sin placa,,si,
Carrera 34 #97-32 int 201,raw.csv,CR 34 # 97 - 32,OK,1.0,descartado: 'int 201',CR 34 # 97 - 32,si,
CL 82 SUR #56C 17,datos.gov.co/ysx6-4ez9 (Establecimientos de comercio 2020),CL 82 SUR # 56C - 17,OK,0.97,placa sin guion,CL 82 SUR # 56C - 17,si,
CALLE 41 CRA 86,datos.gov.co/yf5q-5qsr (Accidentes Copacabana),CL 41 X CR 86,PARCIAL,1.0,cruce de vías sin placa,,si,
Calle 83 #49-25 ferretería,raw.csv,CL 83 # 49 - 25,OK,1.0,descartado: 'ferreteria',CL 83 # 49 - 25,si,
Carrera Carrera 30#107d03 Santo Domingo parte baja Supermercado llamado los Pérez,raw.csv,CR 30 # 107D - 03,OK,0.97,placa sin guion | descartado: 'santo domingo parte baja supermercado llamado los perez',CR 30 # 107D - 03,si,
Calle 91a#34_02 Casa,raw.csv,CL 91A # 34 - 02,OK,0.97,placa sin guion | descartado: 'casa',CL 91A # 34 - 02,si,
Calle Calle 100 carrera 25 B-46 Interior 201,raw.csv,CL 100 # 25B - 46,OK,1.0,descartado: 'interior 201',CL 100 # 25B - 46,si,
Carrera 47 #85-29 Int. 202,raw.csv,CR 47 # 85 - 29,OK,1.0,descartado: 'int. 202',CR 47 # 85 - 29,si,
Carrera Cra 53 #91-33 Apartamento tercer piso,raw.csv,CR 53 # 91 - 33,OK,1.0,descartado: 'apartamento tercer piso',CR 53 # 91 - 33,si,
CR 50 CL 36,datos.gov.co/yf5q-5qsr (Accidentes Copacabana),CR 50 X CL 36,PARCIAL,1.0,cruce de vías sin placa,,si,
Cra 41 #85-53 Segundo Piso,raw.csv,CR 41 # 85 - 53,OK,1.0,descartado: 'segundo piso',CR 41 # 85 - 53,si,
CR 48 52-09,datos.gov.co/yf5q-5qsr (Accidentes Copacabana),CR 48 # 52 - 09,OK,1.0,,CR 48 # 52 - 09,si,
km 7+700 lavaderos,datos.gov.co/p9gh-kikx (Accidentalidad Barbosa),,FALLO,0.0,,,si,
CL 12#31 165,datos.gov.co/ysx6-4ez9 (Establecimientos de comercio 2020),CL 12 # 31 - 165,OK,0.97,placa sin guion,CL 12 # 31 - 165,si,
"Calle 67#41b19 Casa, interior solar",raw.csv,CL 67 # 41B - 19,OK,0.97,"placa sin guion | descartado: 'casa, interior solar'",CL 67 # 41B - 19,si,
"cll 110 # 32 - 01 santo domingo el cristo, spa uñas classy nails",raw.csv,CL 110 # 32 - 01,OK,1.0,"descartado: 'santo domingo el cristo, spa unas classy nails'",CL 110 # 32 - 01,si,
"Calle 109 n48 a30 Andalucía La Francia casa segundo piso, Antioquia~~~Medellin~~~~~~Calle 109 n48 a30 Andalucía La Francia casa segundo piso",raw.csv,CL 109 # 48A - 30,OK,0.97,placa sin guion | descartado: 'andalucia la francia casa segundo piso',CL 109 # 48A - 30,si,
Calle Calle 101#50-45 Piso 3,raw.csv,CL 101 # 50 - 45,OK,1.0,descartado: 'piso 3',CL 101 # 50 - 45,si,
CR 52A  #79 SUR 08,datos.gov.co/ysx6-4ez9 (Establecimientos de comercio 2020),CR 52A # 79 SUR - 08,OK,0.97,placa sin guion,CR 52A # 79 SUR - 08,si,
Carrera Cra. 47 #83a-21,raw.csv,CR 47 # 83A - 21,OK,1.0,,CR 47 # 83A - 21,si,
carrera30#75d-13 apartamento,raw.csv,CR 30 # 75D - 13,OK,1.0,descartado: 'apartamento',CR 30 # 75D - 13,si,
Calle Calle 82b #51-74 301,raw.csv,CL 82B # 51 - 74,OK,1.0,descartado: '301',CL 82B # 51 - 74,si,
CL 77 SUR #61 63 LOCAL 221 C.CIAL VENECIA,datos.gov.co/ysx6-4ez9 (Establecimientos de comercio 2020),CL 77 SUR # 61 - 63,OK,0.97,placa sin guion | descartado: 'local 221 c.cial venecia',CL 77 SUR # 61 - 63,si,
"Carrera Aranjuez, Carrera 47 #89-21 Casa, puerta blanca",raw.csv,CR 47 # 89 - 21,OK,0.98,"texto antes de la dirección | descartado: 'carrera aranjuez' | descartado: 'casa, puerta blanca'",CR 47 # 89 - 21,si,
Calle 97 #34 B-38 1 piso,raw.csv,CL 97 # 34B - 38,OK,1.0,descartado: '1 piso',CL 97 # 34B - 38,si,
Cra 46 # 85-38 3 piso,raw.csv,CR 46 # 85 - 38,OK,1.0,descartado: '3 piso',CR 46 # 85 - 38,si,
MEDELLIN BOGOTA KM 6+420,datos.gov.co/yf5q-5qsr (Accidentes Copacabana),,FALLO,0.0,,,si,
CR 50#100 SUR 25,datos.gov.co/ysx6-4ez9 (Establecimientos de comercio 2020),CR 50 # 100 SUR - 25,OK,0.97,placa sin guion,CR 50 # 100 SUR - 25,si,
Calle 108 #37-28,raw.csv,CL 108 # 37 - 28,OK,1.0,,CL 108 # 37 - 28,si,
"Cra50c #89-19 Edificio, piso 201",raw.csv,CR 50C # 89 - 19,OK,1.0,"descartado: 'edificio, piso 201'",CR 50C # 89 - 19,si,
km 4 + 300 aprox  vereda corrientes,datos.gov.co/p9gh-kikx (Accidentalidad Barbosa),,FALLO,0.0,,,si,
"Carrera 40 #120-25 Popular 1, El Rompoy Casa de primer piso (Es en un callejón)",raw.csv,CR 40 # 120 - 25,OK,1.0,"descartado: 'popular 1, el rompoy casa de primer piso' | descartado: '(Es en un callejón)'",CR 40 # 120 - 25,si,
Carrera Carrera 44 #80-35,raw.csv,CR 44 # 80 - 35,OK,1.0,,CR 44 # 80 - 35,si,
CL 75AA SUR #57 33,datos.gov.co/ysx6-4ez9 (Establecimientos de comercio 2020),CL 75AA SUR # 57 - 33,OK,0.97,placa sin guion,CL 75AA SUR # 57 - 33,si,
CL 100B SUR #50 163,datos.gov.co/ysx6-4ez9 (Establecimientos de comercio 2020),CL 100B SUR # 50 - 163,OK,0.97,placa sin guion,CL 100B SUR # 50 - 163,si,
cra 17 con calle 10 #1034,datos.gov.co/p9gh-kikx (Accidentalidad Barbosa),CR 17 # 10 - 1034,PARCIAL,0.8,placa '1034' con más de 3 dígitos | marcador '#' antes de la placa,CR 17 X CL 10,si,
CL 100 SUR #49 95 BODEGA 47 PARQUE INDUSTRIAL DEL SUR,datos.gov.co/ysx6-4ez9 (Establecimientos de comercio 2020),CL 100 SUR # 49 - 95,OK,0.97,placa sin guion | descartado: 'bodega 47 parque industrial del sur',CL 100 SUR # 49 - 95,si,
"Calle 93 #49A 17, Torre 1 apto 106",raw.csv,CL 93 # 49A - 17,OK,0.97,placa sin guion | descartado: 'torre 1 apto 106',CL 93 # 49A - 17,si,
CR 100#25C 11 BODEGA 03 BOGOTA,datos.gov.co/ysx6-4ez9 (Establecimientos de comercio 2020),CR 100 # 25C - 11,OK,0.97,placa sin guion | descartado: 'bodega 03 bogota',CR 100 # 25C - 11,si,
Carrera 36 B #81-23,raw.csv,CR 36B # 81 - 23,OK,1.0,,CR 36B # 81 - 23,si,
Aranjuez Calle 87A #50AA-71 Primer piso,raw.csv,CL 87A # 50AA - 71,OK,0.98,texto antes de la dirección | descartado: 'aranjuez' | descartado: 'primer piso',CL 87A # 50AA - 71,si,
Calle 38A sur 43 46,datos.gov.co/7nv5-fy9z (Sedes administrativas Envigado),CL 38A SUR # 43 - 46,OK,0.97,placa sin guion,CL 38A SUR # 43 - 46,si,
CLL 50 CON 54 P IMUSA,datos.gov.co/yf5q-5qsr (Accidentes Copacabana),CL 50 X CR 54,PARCIAL,1.0,cruce de vías sin placa | descartado: 'p imusa',CL 50 X CR 54P,si,
Calle Calle 68B 30 35 Casa,raw.csv,CL 68B # 30 - 35,OK,0.97,placa sin guion | descartado: 'casa',CL 68B # 30 - 35,si,
VEREDA LA CRUZ,datos.gov.co/yf5q-5qsr (Accidentes Copacabana),,FALLO,0.0,,,si,
Carrera Cra 50 #91-28 Apt 401,raw.csv,CR 50 # 91 - 28,OK,1.0,descartado: 'apt 401',CR 50 # 91 - 28,si,
Calle Calle 109#46-61 Casa piso 2,raw.csv,CL 109 # 46 - 61,OK,1.0,descartado: 'casa piso 2',CL 109 # 46 - 61,si,
carrera 47 numero 85-154 tercer piso,raw.csv,CR 47 # 85 - 154,OK,1.0,descartado: 'tercer piso',CR 47 # 85 - 154,si,
Calle Calle 82#3919 Casa,raw.csv,CL 82 # 39 - 19,OK,0.92,números pegados '3919' separados como 39-19 | descartado: 'casa',CL 82 # 39 - 19,si,
Calle 102 A carrera 22 d 30 interior 201 Apartamento,raw.csv,CL 102A # 22D - 30,OK,0.97,placa sin guion | descartado: 'interior 201 apartamento',CL 102A # 22D - 30,si,
Carrera Carrera 47 numero 106-80 Callejon hasta el fondo,raw.csv,CR 47 # 106 - 80,OK,1.0,descartado: 'callejon hasta el fondo',CR 47 # 106 - 80,si,
VIA 6205 + KILOMETRO 9,datos.gov.co/p9gh-kikx (Accidentalidad Barbosa),,FALLO,0.0,,,si,
"Carrera Carrera 34 #71A - 08 Apartamento 201, Manrique oriental",raw.csv,CR 34 # 71A - 08,OK,1.0,"descartado: 'apartamento 201, manrique oriental'",CR 34 # 71A - 08,si,
"Carrera 41# 67-04 Manrique central, primer piso",raw.csv,CR 41 # 67 - 04,OK,1.0,"descartado: 'manrique central, primer piso'",CR 41 # 67 - 04,si,
Calle Calle 75c3626 Taller cooper,raw.csv,CL 75C # 36 - 26,OK,0.92,números pegados '3626' separados como 36-26 | descartado: 'taller cooper',CL 75C # 36 - 26,si,
AUTOPISTA NORTE CL 59 KM 7+880,datos.gov.co/yf5q-5qsr (Accidentes Copacabana),CL 59,PARCIAL,0.98,"contiene indicios rurales (km, vereda, finca) | dirección sin cruce ni placa | texto antes de la dirección | descartado: 'autopista norte' | descartado: 'km 7+880'",,si,
Calle 102B 30-17,raw.csv,CL 102B # 30 - 17,OK,1.0,,CL 102B # 30 - 17,si,
CL 23 SUR 2 70,datos.gov.co/8xhn-2dp9 (Empresas de construcción del Aburrá Sur),CL 23 SUR # 2 - 70,OK,0.97,placa sin guion,CL 23 SUR # 2 - 70,si,
CALLE 50 CON FRENTE #39-120,datos.gov.co/yf5q-5qsr (Accidentes Copacabana),CL 50,PARCIAL,1.0,dirección sin cruce ni placa | descartado: 'frente #39-120',CL 50 # 39 – 120,si,
"51 A #67A - 41, Casa segundo piso",raw.csv,,FALLO,0.0,,,si,
CR 50#96 SUR 48,datos.gov.co/ysx6-4ez9 (Establecimientos de comercio 2020),CR 50 # 96 SUR - 48,OK,0.97,placa sin guion,CR 50 # 96 SUR - 48,si,
vereda la primavera km 21+950  bello-hatillo,datos.gov.co/p9gh-kikx (Accidentalidad Barbosa),,FALLO,0.0,,,si,
CL 59 55-80 KM 13 AUTOPISTA NORTE,datos.gov.co/yf5q-5qsr (Accidentes Copacabana),CL 59 # 55 - 80,PARCIAL,1.0,"contiene indicios rurales (km, vereda, finca) | descartado: 'km 13 autopista norte'",,si,
Calle 100 #51 a 53 Piso 1,raw.csv,CL 100 # 51A - 53,OK,0.97,placa sin guion | descartado: 'piso 1',CL 100 # 51A - 53,si,
Cr48 #94-56 3 piso,raw.csv,CR 48 # 94 - 56,OK,1.0,descartado: '3 piso',CR 48 # 94 - 56,si,
Calle Calle 97 #45A59 Cas,raw.csv,CL 97 # 45A - 59,OK,0.97,placa sin guion | descartado: 'cas',CL 97 # 45A - 59,si,
Av. Carrera 51B #123A-24 barrio Playón de los comuneros,raw.csv,CR 51B # 123A - 24,OK,1.0,descartado: 'barrio playon de los comuneros',CR 51B # 123A - 24,si,
KM 17 ALTO LAS PALMAS  VÍA A LA ACUARELA,datos.gov.co/g8hy-gwg8 (Instituciones educativas Envigado),,FALLO,0.0,,,si,
DG 51#15A 161,datos.gov.co/ysx6-4ez9 (Establecimientos de comercio 2020),DG 51 # 15A - 161,OK,0.97,placa sin guion,DG 51 # 15A - 161,si,
Carrera Carrera 28f # 111-9,raw.csv,CR 28F # 111 - 09,OK,0.98,placa de un dígito completada con cero,CR 28F # 111 - 09,si,
carrera 42 c#107 a 23 popular número 1,raw.csv,CR 42C # 107A - 23,OK,0.97,placa sin guion | descartado: 'popular numero 1',CR 42C # 107A - 23,si,
CL 86B SUR #52B 02 BODEGA 130,datos.gov.co/ysx6-4ez9 (Establecimientos de comercio 2020),CL 86B SUR # 52B - 02,OK,0.97,placa sin guion | descartado: 'bodega 130',CL 86B SUR # 52B - 02,si,
Calle 79 #48a-87,raw.csv,CL 79 # 48A - 87,OK,1.0,,CL 79 # 48A - 87,si,
Carrera 48a # 83-64 tercer piso barrio campo Valdez favor llamar para la entrega timbre malo,raw.csv,CR 48A # 83 - 64,OK,1.0,descartado: 'tercer piso barrio campo valdez favor llamar para la entrega timbre malo',CR 48A # 83 - 64,si,
Carrera 51 # 96-118 Piso 2 Aranjuez,raw.csv,CR 51 # 96 - 118,OK,1.0,descartado: 'piso 2 aranjuez',CR 51 # 96 - 118,si,
CL 45 SUR NRO. 42D 6,datos.gov.co/8xhn-2dp9 (Empresas de construcción del Aburrá Sur),CL 45 SUR # 42D - 06,OK,0.95,placa sin guion | placa de un dígito completada con cero,CL 45 SUR # 42D - 06,si,
CR 50#100B SUR 60,datos.gov.co/ysx6-4ez9 (Establecimientos de comercio 2020),CR 50 # 100B SUR - 60,OK,0.97,placa sin guion,CR 50 # 100B SUR - 60,si,
Carrera 42B #121-06 interior 132 barrio popular 1,raw.csv,CR 42B # 121 - 06,OK,1.0,descartado: 'interior 132 barrio popular 1',CR 42B # 121 - 06,si,
Carrera 28f #111-19 piso,raw.csv,CR 28F # 111 - 19,OK,1.0,descartado: 'piso',CR 28F # 111 - 19,si,
C-l 99 a cr 5218 int 201 Apt 201,raw.csv,CR 52 # 18,PARCIAL,0.9,dirección sin placa | texto antes de la dirección | números pegados '5218' separados como 52-18 | descartado: 'c-l 99 a' | descartado: 'int 201 apt 201',CL 99 # 52 – 18,si,
Carrera Cr 24c Carrera Cr 24c #93-45 Referencia: al lado del surtimax de la y de carambolas cr 24 c 93 47 ap 301,raw.csv,CR 24C # 93 - 45,PARCIAL,1.0,el texto contiene varias direcciones | descartado: 'carrera cr 24c' | descartado: 'referencia: al lado del surtimax de la y de carambolas cr 24 c 93 47 ap 301',,si,
Carrera 55 # 89 a 15 Frente a droguería alamos 1,raw.csv,CR 55 # 89A - 15,OK,0.97,placa sin guion | descartado: 'frente a drogueria alamos 1',CR 55 # 89A - 15,si,
carrera 46 A # 110-108 casa,raw.csv,CR 46A # 110 - 108,OK,1.0,descartado: 'casa',CR 46A # 110 - 108,si,
CL 53 FRENTE AL 51-55,datos.gov.co/yf5q-5qsr (Accidentes Copacabana),CL 53,PARCIAL,1.0,dirección sin cruce ni placa | descartado: 'frente al 51-55',CL 53 # 51 – 55,si,
cra 43b calle 111A 38 popular 2 cerca a la biblioteca fé y alegría escuelita,raw.csv,CR 43B # 111A - 38,OK,0.97,placa sin guion | descartado: 'popular 2 cerca a la biblioteca fe y alegria escuelita',CR 43B # 111A - 38,si,
Calle 49 Sur 48 28,datos.gov.co/7nv5-fy9z (Sedes administrativas Envigado),CL 49 SUR # 48 - 28,OK,0.97,placa sin guion,CL 49 SUR # 48 - 28,si,
CR 58#42 125 SOTANO 2,datos.gov.co/ysx6-4ez9 (Establecimientos de comercio 2020),CR 58 # 42 - 125,OK,0.97,placa sin guion | descartado: 'sotano 2',CR 58 # 42 - 125,si,
Carrera Cr44a#88-28 Interior tercer piso,raw.csv,CR 44A # 88 - 28,OK,1.0,descartado: 'interior tercer piso',CR 44A # 88 - 28,si,
CR 51#97 SUR 137,datos.gov.co/ysx6-4ez9 (Establecimientos de comercio 2020),CR 51 # 97 SUR - 137,OK,0.97,placa sin guion,CR 51 # 97 SUR - 137,si,
CALLE 50 CRA 16,datos.gov.co/yf5q-5qsr (Accidentes Copacabana),CL 50 X CR 16,PARCIAL,1.0,cruce de vías sin placa,,si,
Calle CLL 104b # 44 a 65 Casa primer piso,raw.csv,CL 104B # 44A - 65,OK,0.97,placa sin guion | descartado: 'casa primer piso',CL 104B # 44A - 65,si,
cll97#24c93,raw.csv,CL 97 # 24C - 93,OK,0.97,placa sin guion,CL 97 # 24C - 93,si,
CR 25#3 45 OF 9940,datos.gov.co/ysx6-4ez9 (Establecimientos de comercio 2020),CR 25 # 3 - 45,OK,0.97,placa sin guion | descartado: 'of 9940',CR 25 # 3 - 45,si,
CL 87 SUR #52 04,datos.gov.co/ysx6-4ez9 (Establecimientos de comercio 2020),CL 87 SUR # 52 - 04,OK,0.97,placa sin guion,CL 87 SUR # 52 - 04,si,
CL 95 SUR #57 251 PUEBLO VIEJO,datos.gov.co/ysx6-4ez9 (Establecimientos de comercio 2020),CL 95 SUR # 57 - 251,OK,0.97,placa sin guion | descartado: 'pueblo viejo',CL 95 SUR # 57 - 251,si,
Carrera 48 #87-24 Por favor llamar al numero 3000000000 y 3000000000,raw.csv,CR 48 # 87 - 24,OK,1.0,descartado: 'por favor llamar al numero y' | descartado: '3000000000' | descartado: '3000000000',CR 48 # 87 - 24,si,
Calle 101 #50c-140 primer piso,raw.csv,CL 101 # 50C - 140,OK,1.0,descartado: 'primer piso',CL 101 # 50C - 140,si,
Calle 120 48c- 81 Apto 302,raw.csv,CL 120 # 48C - 81,OK,1.0,descartado: 'apto 302',CL 120 # 48C - 81,si,
CR 43A#7 50 OFIC 507,datos.gov.co/ysx6-4ez9 (Establecimientos de comercio 2020),CR 43A # 7 - 50,OK,0.97,placa sin guion | descartado: 'ofic 507',CR 43A # 7 - 50,si,
"calle 82 # 39-08, Antioquia~~~Medellin~~~~~~calle 82 # 39-08",raw.csv,CL 82 # 39 - 08,OK,1.0,,CL 82 # 39 - 08,si,
CR 45#69 SUR 25 LOCAL 137 SABANETA,datos.gov.co/ysx6-4ez9 (Establecimientos de comercio 2020),CR 45 # 69 SUR - 25,OK,0.97,placa sin guion | descartado: 'local 137 sabaneta',CR 45 # 69 SUR - 25,si,
HATILLO BELLO KM 11+500,datos.gov.co/yf5q-5qsr (Accidentes Copacabana),,FALLO,0.0,,,si,
AUTOPISTA MED BOG KM 14+900,datos.gov.co/yf5q-5qsr (Accidentes Copacabana),,FALLO,0.0,,,si,
calle117#50a-45 piso 1,raw.csv,CL 117 # 50A - 45,OK,1.0,descartado: 'piso 1',CL 117 # 50A - 45,si,
cll78 #32-15 primer piso Manrrique oriental,raw.csv,CL 78 # 32 - 15,OK,1.0,descartado: 'primer piso manrrique oriental',CL 78 # 32 - 15,si,
Carrera 47 #89-97 1-2 y 3 piso,raw.csv,CR 47 # 89 - 97,OK,1.0,descartado: '1-2 y 3 piso',CR 47 # 89 - 97,si,
CL 80 SUR #56 90 TORRE 07 APTO.514,datos.gov.co/ysx6-4ez9 (Establecimientos de comercio 2020),CL 80 SUR # 56 - 90,OK,0.97,placa sin guion | descartado: 'torre 07 apto.514',CL 80 SUR # 56 - 90,si,
KM 8 + 500 CINCO REALES,datos.gov.co/p9gh-kikx (Accidentalidad Barbosa),,FALLO,0.0,,,si,
carrera 43 b # 107 - 12 andalucia parte alta en el medio de las dos estaciones del metro cable de andalucia y popular primer piso,raw.csv,CR 43B # 107 - 12,OK,1.0,descartado: 'andalucia parte alta en el medio de las dos estaciones del metro cable de andalucia y popular primer piso',CR 43B # 107 - 12,si,
Carrera 49a #89-77 Casa primer piso Aranjuez,raw.csv,CR 49A # 89 - 77,OK,1.0,descartado: 'casa primer piso aranjuez',CR 49A # 89 - 77,si,
Calle 107b #32-26 interior 301 barrio santo domingo sabio,raw.csv,CL 107B # 32 - 26,OK,1.0,descartado: 'interior 301 barrio santo domingo sabio',CL 107B # 32 - 26,si,
CR 57B#82 SUR 21,datos.gov.co/ysx6-4ez9 (Establecimientos de comercio 2020),CR 57B # 82 SUR - 21,OK,0.97,placa sin guion,CR 57B # 82 SUR - 21,si,
CL 98 SUR #48 225 BODEGA 106 PUERTA DEL SUR,datos.gov.co/ysx6-4ez9 (Establecimientos de comercio 2020),CL 98 SUR # 48 - 225,OK,0.97,placa sin guion | descartado: 'bodega 106 puerta del sur',CL 98 SUR # 48 - 225,si,
carrera 46  #110-61 piso 1,raw.csv,CR 46 # 110 - 61,OK,1.0,descartado: 'piso 1',CR 46 # 110 - 61,si,
HATILLO BELLO KM 9+500,datos.gov.co/yf5q-5qsr (Accidentes Copacabana),,FALLO,0.0,,,si,
Calle 81 #52D-160 la Hortensia 2,raw.csv,CL 81 # 52D - 160,OK,1.0,descartado: 'la hortensia 2',CL 81 # 52D - 160,si,
Cl 39BB 117C-15 (153) Apartamento,raw.csv,CL 39BB # 117C - 15,OK,1.0,descartado: 'apartamento' | descartado: '(153)',CL 39BB # 117C - 15,si,
Cll 70 #30-19. Manrique oriental,raw.csv,CL 70 # 30 - 19,OK,1.0,descartado: 'manrique oriental',CL 70 # 30 - 19,si,
"carrera 30 # 68b-15 Manrique oriental 1 piso, reja favor llamar para recibir",raw.csv,CR 30 # 68B - 15,OK,1.0,"descartado: 'manrique oriental 1 piso, reja favor llamar para recibir'",CR 30 # 68B - 15,si,
46a#94-47,raw.csv,,FALLO,0.0,,,si,
KM 7+150 AUTOPISTA MEDELLIN BOGOTA,datos.gov.co/yf5q-5qsr (Accidentes Copacabana),,FALLO,0.0,,,si,
Calle 99 #44 b-67 barrio santa cruz Aranjuez bajando por la Graciela hasta el final en un plancito,raw.csv,CL 99 # 44B - 67,OK,1.0,descartado: 'barrio santa cruz aranjuez bajando por la graciela hasta el final en un plancito',CL 99 # 44B - 67,si,
carrera 24 c # 90 a 70 casa,raw.csv,CR 24C # 90A - 70,OK,0.97,placa sin guion | descartado: 'casa',CR 24C # 90A - 70,si,
Carrera 47 #94-49,raw.csv,CR 47 # 94 - 49,OK,1.0,,CR 47 # 94 - 49,si,
Carrera 27b #106bb-07  santo domingo la avanzada la avanzada,raw.csv,CR 27B # 106BB - 07,OK,1.0,descartado: 'santo domingo la avanzada la avanzada',CR 27B # 106BB - 07,si,
CR 62#79 SUR 65,datos.gov.co/ysx6-4ez9 (Establecimientos de comercio 2020),CR 62 # 79 SUR - 65,OK,0.97,placa sin guion,CR 62 # 79 SUR - 65,si,
Cl 71 A CR 28 - 05 Manrique oriental Cerca a la iglesia san sebastian,raw.csv,CL 71A # 28 - 05,OK,1.0,descartado: 'manrique oriental cerca a la iglesia san sebastian',CL 71A # 28 - 05,si,
km6+900 curva del diablo,datos.gov.co/p9gh-kikx (Accidentalidad Barbosa),,FALLO,0.0,,,si,
CL 100#49D 26,datos.gov.co/ysx6-4ez9 (Establecimientos de comercio 2020),CL 100 # 49D - 26,OK,0.97,placa sin guion,CL 100 # 49D - 26,si,
CR 48B#99 SUR 59 BODEGA 23 SAN BARTOLOME,datos.gov.co/ysx6-4ez9 (Establecimientos de comercio 2020),CR 48B # 99 SUR - 59,OK,0.97,placa sin guion | descartado: 'bodega 23 san bartolome',CR 48B # 99 SUR - 59,si,
Calle calle 102 #47-34 casa primer piso medellin santa cruz,raw.csv,CL 102 # 47 - 34,OK,1.0,descartado: 'casa primer piso medellin santa cruz',CL 102 # 47 - 34,si,
KM 6205KM1+00,datos.gov.co/p9gh-kikx (Accidentalidad Barbosa),,FALLO,0.0,,,si,
CR 55#87 SUR 146,datos.gov.co/ysx6-4ez9 (Establecimientos de comercio 2020),CR 55 # 87 SUR - 146,OK,0.97,placa sin guion,CR 55 # 87 SUR - 146,si,
Calle 123 #51A - 04 Barrio Zamora Tienda de maquillaje BONITA,raw.csv,CL 123 # 51A - 04,OK,1.0,descartado: 'barrio zamora tienda de maquillaje bonita',CL 123 # 51A - 04,si,
calle 79b 30 32 por la tienda  del chorrito,raw.csv,CL 79B # 30 - 32,OK,0.97,placa sin guion | descartado: 'por la tienda del chorrito',CL 79B # 30 - 32,si,
Calle Calle 76 #45-50,raw.csv,CL 76 # 45 - 50,OK,1.0,,CL 76 # 45 - 50,si,
Calle111 #42e21 interior 104 Casa primer piso color naranjada,raw.csv,CL 111 # 42E - 21,OK,0.97,placa sin guion | descartado: 'interior 104 casa primer piso color naranjada',CL 111 # 42E - 21,si,
"CR 46A # 84-65 Apt 301, Antioquia~~~Medellin~~~~~~CR 46A # 84-65 Apt 301",raw.csv,CR 46A # 84 - 65,OK,1.0,descartado: 'apt 301',CR 46A # 84 - 65,si,
CL 76A SUR #56C 31 LOCAL 102,datos.gov.co/ysx6-4ez9 (Establecimientos de comercio 2020),CL 76A SUR # 56C - 31,OK,0.97,placa sin guion | descartado: 'local 102',CL 76A SUR # 56C - 31,si,
Carrera 40 #91-015 Casa 1er piso,raw.csv,CR 40 # 91 - 15,OK,1.0,descartado: 'casa 1er piso',CR 40 # 91 - 15,si,
Calle 121#50b-48 203 apartamento,raw.csv,CL 121 # 50B - 48,OK,1.0,descartado: '203 apartamento',CL 121 # 50B - 48,si,
Cra 50b 110-35 Casa primer piso,raw.csv,CR 50B # 110 - 35,OK,1.0,descartado: 'casa primer piso',CR 50B # 110 - 35,si,
CL 80#89 32 INT.301 MEDELLIN,datos.gov.co/ysx6-4ez9 (Establecimientos de comercio 2020),CL 80 # 89 - 32,OK,0.97,placa sin guion | descartado: 'int.301 medellin',CL 80 # 89 - 32,si,
Calle Calle 107E # 42C36 apartamento interior 201,raw.csv,CL 107E # 42C - 36,OK,0.97,placa sin guion | descartado: 'apartamento interior 201',CL 107E # 42C - 36,si,
Calle 77aa # 50b 72 Casa,raw.csv,CL 77AA # 50B - 72,OK,0.97,placa sin guion | descartado: 'casa',CL 77AA # 50B - 72,si,
Calle Calle 97 42b-31 Manrique Guadalupe Apartamento interior,raw.csv,CL 97 # 42B - 31,OK,1.0,descartado: 'manrique guadalupe apartamento interior',CL 97 # 42B - 31,si,
